user_id,id,rating
user_id_1,19995,3
user_id_1,285,5
user_id_1,206647,5
user_id_1,49026,4
user_id_1,49529,4
user_id_1,559,2
user_id_1,38757,4
user_id_1,99861,5
user_id_1,767,1
user_id_1,209112,2
user_id_1,1452,5
user_id_1,10764,2
user_id_1,58,1
user_id_1,57201,4
user_id_1,49521,1
user_id_1,2454,1
user_id_1,24428,4
user_id_1,1865,1
user_id_1,41154,4
user_id_1,122917,1
user_id_1,1930,2
user_id_1,20662,3
user_id_1,57158,5
user_id_1,2268,4
user_id_1,254,5
user_id_1,597,4
user_id_1,271110,3
user_id_1,44833,2
user_id_1,135397,4
user_id_1,37724,3
user_id_1,558,1
user_id_1,68721,3
user_id_1,12155,4
user_id_1,36668,5
user_id_1,62211,3
user_id_1,8373,3
user_id_1,91314,5
user_id_1,68728,2
user_id_1,102382,1
user_id_1,20526,4
user_id_1,49013,3
user_id_1,44912,4
user_id_1,10193,1
user_id_1,534,4
user_id_1,168259,2
user_id_1,72190,5
user_id_1,127585,4
user_id_1,54138,2
user_id_1,81005,3
user_id_1,64682,3
user_id_1,9543,3
user_id_1,68726,1
user_id_1,38356,4
user_id_1,217,4
user_id_1,105864,2
user_id_1,62177,1
user_id_1,188927,1
user_id_1,10681,5
user_id_1,5174,1
user_id_1,14161,4
user_id_1,17979,2
user_id_1,76757,4
user_id_1,258489,5
user_id_1,411,2
user_id_1,246655,1
user_id_1,155,2
user_id_1,14160,5
user_id_1,15512,1
user_id_1,1726,2
user_id_1,44826,3
user_id_1,8487,1
user_id_1,1735,5
user_id_1,297761,2
user_id_1,2698,5
user_id_1,137113,2
user_id_1,9804,2
user_id_1,14869,2
user_id_1,150540,4
user_id_1,278927,5
user_id_1,10138,2
user_id_1,58595,2
user_id_1,102651,2
user_id_1,119450,1
user_id_1,79698,5
user_id_1,64686,3
user_id_1,100402,5
user_id_1,10192,4
user_id_1,158852,3
user_id_1,177572,3
user_id_1,82690,5
user_id_1,5255,5
user_id_1,47933,1
user_id_1,10191,1
user_id_1,296,4
user_id_1,118340,5
user_id_1,157336,4
user_id_1,27205,4
user_id_1,315011,1
user_id_1,49051,5
user_id_1,9799,1
user_id_1,4922,4
user_id_1,49538,5
user_id_1,131634,1
user_id_1,27022,2
user_id_1,503,2
user_id_1,241259,4
user_id_1,810,2
user_id_1,68735,4
user_id_1,87101,1
user_id_1,10140,2
user_id_1,676,4
user_id_1,1858,4
user_id_1,1966,4
user_id_1,675,5
user_id_1,674,2
user_id_1,8960,2
user_id_1,6479,5
user_id_1,118,1
user_id_1,2062,5
user_id_1,272,1
user_id_1,10527,3
user_id_1,18360,4
user_id_1,2080,3
user_id_1,605,5
user_id_1,109445,3
user_id_1,604,5
user_id_1,76338,1
user_id_1,76341,1
user_id_1,13448,2
user_id_1,10195,1
user_id_1,13053,2
user_id_1,19585,3
user_id_1,57165,1
user_id_1,62213,5
user_id_1,177677,3
user_id_1,7978,3
user_id_1,5559,4
user_id_1,49444,4
user_id_1,10196,5
user_id_1,956,3
user_id_1,117251,2
user_id_1,50321,1
user_id_1,11619,5
user_id_1,266647,1
user_id_1,82703,5
user_id_1,652,5
user_id_1,80321,2
user_id_1,36669,3
user_id_1,43074,2
user_id_1,95,4
user_id_1,608,2
user_id_1,2310,5
user_id_1,140300,5
user_id_1,56292,4
user_id_1,81188,4
user_id_1,7552,2
user_id_1,616,4
user_id_1,147441,4
user_id_1,13475,1
user_id_1,557,5
user_id_1,82702,3
user_id_1,205584,5
user_id_1,10048,5
user_id_1,13183,1
user_id_1,944,3
user_id_1,1927,2
user_id_1,72559,5
user_id_1,7364,1
user_id_1,2114,4
user_id_1,1771,4
user_id_1,36643,3
user_id_1,8619,3
user_id_1,50620,1
user_id_1,65759,4
user_id_1,1724,5
user_id_1,267935,3
user_id_1,281957,5
user_id_1,77950,1
user_id_1,44896,3
user_id_1,270946,2
user_id_1,2503,2
user_id_1,9502,1
user_id_1,102899,5
user_id_1,101299,2
user_id_1,228161,3
user_id_1,74,1
user_id_1,8961,1
user_id_1,417859,1
user_id_1,27576,1
user_id_1,86834,4
user_id_1,17578,4
user_id_1,673,5
user_id_1,6972,2
user_id_1,82700,4
user_id_1,10567,5
user_id_1,181533,2
user_id_1,38055,2
user_id_1,671,5
user_id_1,49524,2
user_id_1,22,5
user_id_2,19995,4
user_id_2,285,3
user_id_2,206647,3
user_id_2,49026,5
user_id_2,49529,5
user_id_2,559,1
user_id_2,38757,4
user_id_2,99861,1
user_id_2,767,2
user_id_2,209112,3
user_id_2,1452,3
user_id_2,10764,1
user_id_2,58,3
user_id_2,57201,1
user_id_2,49521,1
user_id_2,2454,3
user_id_2,24428,5
user_id_2,1865,3
user_id_2,41154,4
user_id_2,122917,1
user_id_2,1930,5
user_id_2,20662,1
user_id_2,57158,1
user_id_2,2268,5
user_id_2,254,2
user_id_2,597,4
user_id_2,271110,4
user_id_2,44833,2
user_id_2,135397,5
user_id_2,37724,3
user_id_2,558,4
user_id_2,68721,2
user_id_2,12155,4
user_id_2,36668,2
user_id_2,62211,3
user_id_2,8373,1
user_id_2,91314,3
user_id_2,68728,2
user_id_2,102382,5
user_id_2,20526,1
user_id_2,49013,5
user_id_2,44912,2
user_id_2,10193,3
user_id_2,534,1
user_id_2,168259,2
user_id_2,72190,3
user_id_2,127585,2
user_id_2,54138,3
user_id_2,81005,4
user_id_2,64682,2
user_id_2,9543,5
user_id_2,68726,4
user_id_2,38356,1
user_id_2,217,2
user_id_2,105864,2
user_id_2,62177,1
user_id_2,188927,5
user_id_2,10681,4
user_id_2,5174,2
user_id_2,14161,3
user_id_2,17979,5
user_id_2,76757,1
user_id_2,258489,2
user_id_2,411,3
user_id_2,246655,5
user_id_2,155,2
user_id_2,14160,3
user_id_2,15512,3
user_id_2,1726,1
user_id_2,44826,2
user_id_2,8487,1
user_id_2,1735,1
user_id_2,297761,2
user_id_2,2698,1
user_id_2,137113,5
user_id_2,9804,3
user_id_2,14869,2
user_id_2,150540,2
user_id_2,278927,3
user_id_2,10138,2
user_id_2,58595,2
user_id_2,102651,5
user_id_2,119450,3
user_id_2,79698,4
user_id_2,64686,1
user_id_2,100402,2
user_id_2,10192,3
user_id_2,158852,3
user_id_2,177572,3
user_id_2,82690,3
user_id_2,5255,5
user_id_2,47933,1
user_id_2,10191,5
user_id_2,296,1
user_id_2,118340,2
user_id_2,157336,2
user_id_2,27205,2
user_id_2,315011,3
user_id_2,49051,2
user_id_2,9799,5
user_id_2,4922,4
user_id_2,49538,2
user_id_2,131634,4
user_id_2,27022,3
user_id_2,503,3
user_id_2,241259,5
user_id_2,810,2
user_id_2,68735,1
user_id_2,87101,4
user_id_2,10140,4
user_id_2,676,1
user_id_2,1858,4
user_id_2,1966,5
user_id_2,675,2
user_id_2,674,5
user_id_2,8960,1
user_id_2,6479,4
user_id_2,118,3
user_id_2,2062,1
user_id_2,272,1
user_id_2,10527,4
user_id_2,18360,2
user_id_2,2080,2
user_id_2,605,2
user_id_2,109445,4
user_id_2,604,2
user_id_2,76338,2
user_id_2,76341,4
user_id_2,13448,2
user_id_2,10195,2
user_id_2,13053,5
user_id_2,19585,3
user_id_2,57165,3
user_id_2,62213,3
user_id_2,177677,4
user_id_2,7978,5
user_id_2,5559,1
user_id_2,49444,4
user_id_2,10196,3
user_id_2,956,5
user_id_2,117251,1
user_id_2,50321,1
user_id_2,11619,1
user_id_2,266647,1
user_id_2,82703,1
user_id_2,652,5
user_id_2,80321,4
user_id_2,36669,5
user_id_2,43074,4
user_id_2,95,1
user_id_2,608,2
user_id_2,2310,4
user_id_2,140300,4
user_id_2,56292,3
user_id_2,81188,4
user_id_2,7552,5
user_id_2,616,4
user_id_2,147441,4
user_id_2,13475,5
user_id_2,557,3
user_id_2,82702,2
user_id_2,205584,3
user_id_2,10048,4
user_id_2,13183,2
user_id_2,944,1
user_id_2,1927,2
user_id_2,72559,5
user_id_2,7364,3
user_id_2,2114,5
user_id_2,1771,4
user_id_2,36643,4
user_id_2,8619,2
user_id_2,50620,3
user_id_2,65759,3
user_id_2,1724,4
user_id_2,267935,4
user_id_2,281957,4
user_id_2,77950,2
user_id_2,44896,2
user_id_2,270946,3
user_id_2,2503,2
user_id_2,9502,2
user_id_2,102899,2
user_id_2,101299,2
user_id_2,228161,2
user_id_2,74,4
user_id_2,8961,2
user_id_2,417859,3
user_id_2,27576,5
user_id_2,86834,2
user_id_2,17578,5
user_id_2,673,3
user_id_2,6972,4
user_id_2,82700,5
user_id_2,10567,4
user_id_2,181533,2
user_id_2,38055,3
user_id_2,671,2
user_id_2,49524,5
user_id_2,22,3
user_id_3,19995,1
user_id_3,285,5
user_id_3,206647,3
user_id_3,49026,2
user_id_3,49529,5
user_id_3,559,5
user_id_3,38757,2
user_id_3,99861,1
user_id_3,767,4
user_id_3,209112,3
user_id_3,1452,1
user_id_3,10764,5
user_id_3,58,2
user_id_3,57201,1
user_id_3,49521,1
user_id_3,2454,1
user_id_3,24428,5
user_id_3,1865,1
user_id_3,41154,2
user_id_3,122917,3
user_id_3,1930,2
user_id_3,20662,5
user_id_3,57158,5
user_id_3,2268,1
user_id_3,254,5
user_id_3,597,3
user_id_3,271110,2
user_id_3,44833,4
user_id_3,135397,5
user_id_3,37724,2
user_id_3,558,3
user_id_3,68721,5
user_id_3,12155,5
user_id_3,36668,5
user_id_3,62211,4
user_id_3,8373,2
user_id_3,91314,4
user_id_3,68728,1
user_id_3,102382,2
user_id_3,20526,3
user_id_3,49013,5
user_id_3,44912,1
user_id_3,10193,4
user_id_3,534,4
user_id_3,168259,1
user_id_3,72190,4
user_id_3,127585,4
user_id_3,54138,2
user_id_3,81005,1
user_id_3,64682,1
user_id_3,9543,5
user_id_3,68726,1
user_id_3,38356,3
user_id_3,217,5
user_id_3,105864,4
user_id_3,62177,4
user_id_3,188927,1
user_id_3,10681,2
user_id_3,5174,3
user_id_3,14161,1
user_id_3,17979,5
user_id_3,76757,5
user_id_3,258489,2
user_id_3,411,3
user_id_3,246655,5
user_id_3,155,1
user_id_3,14160,5
user_id_3,15512,3
user_id_3,1726,3
user_id_3,44826,5
user_id_3,8487,4
user_id_3,1735,4
user_id_3,297761,3
user_id_3,2698,3
user_id_3,137113,5
user_id_3,9804,3
user_id_3,14869,5
user_id_3,150540,3
user_id_3,278927,5
user_id_3,10138,3
user_id_3,58595,2
user_id_3,102651,5
user_id_3,119450,4
user_id_3,79698,4
user_id_3,64686,5
user_id_3,100402,1
user_id_3,10192,2
user_id_3,158852,3
user_id_3,177572,2
user_id_3,82690,3
user_id_3,5255,4
user_id_3,47933,2
user_id_3,10191,4
user_id_3,296,2
user_id_3,118340,5
user_id_3,157336,2
user_id_3,27205,1
user_id_3,315011,2
user_id_3,49051,5
user_id_3,9799,3
user_id_3,4922,2
user_id_3,49538,4
user_id_3,131634,3
user_id_3,27022,3
user_id_3,503,2
user_id_3,241259,2
user_id_3,810,5
user_id_3,68735,3
user_id_3,87101,5
user_id_3,10140,5
user_id_3,676,2
user_id_3,1858,3
user_id_3,1966,2
user_id_3,675,1
user_id_3,674,2
user_id_3,8960,1
user_id_3,6479,5
user_id_3,118,2
user_id_3,2062,4
user_id_3,272,5
user_id_3,10527,5
user_id_3,18360,4
user_id_3,2080,4
user_id_3,605,1
user_id_3,109445,3
user_id_3,604,4
user_id_3,76338,2
user_id_3,76341,2
user_id_3,13448,1
user_id_3,10195,1
user_id_3,13053,5
user_id_3,19585,3
user_id_3,57165,5
user_id_3,62213,5
user_id_3,177677,2
user_id_3,7978,1
user_id_3,5559,2
user_id_3,49444,3
user_id_3,10196,4
user_id_3,956,1
user_id_3,117251,5
user_id_3,50321,2
user_id_3,11619,5
user_id_3,266647,4
user_id_3,82703,3
user_id_3,652,5
user_id_3,80321,1
user_id_3,36669,4
user_id_3,43074,3
user_id_3,95,3
user_id_3,608,3
user_id_3,2310,4
user_id_3,140300,4
user_id_3,56292,5
user_id_3,81188,1
user_id_3,7552,1
user_id_3,616,3
user_id_3,147441,5
user_id_3,13475,2
user_id_3,557,2
user_id_3,82702,5
user_id_3,205584,5
user_id_3,10048,2
user_id_3,13183,1
user_id_3,944,4
user_id_3,1927,5
user_id_3,72559,5
user_id_3,7364,5
user_id_3,2114,1
user_id_3,1771,2
user_id_3,36643,1
user_id_3,8619,2
user_id_3,50620,4
user_id_3,65759,3
user_id_3,1724,4
user_id_3,267935,4
user_id_3,281957,1
user_id_3,77950,5
user_id_3,44896,4
user_id_3,270946,1
user_id_3,2503,4
user_id_3,9502,2
user_id_3,102899,4
user_id_3,101299,5
user_id_3,228161,1
user_id_3,74,3
user_id_3,8961,2
user_id_3,417859,5
user_id_3,27576,3
user_id_3,86834,5
user_id_3,17578,2
user_id_3,673,2
user_id_3,6972,3
user_id_3,82700,1
user_id_3,10567,1
user_id_3,181533,5
user_id_3,38055,4
user_id_3,671,3
user_id_3,49524,3
user_id_3,22,4
user_id_4,19995,3
user_id_4,285,2
user_id_4,206647,1
user_id_4,49026,3
user_id_4,49529,5
user_id_4,559,5
user_id_4,38757,3
user_id_4,99861,4
user_id_4,767,5
user_id_4,209112,3
user_id_4,1452,4
user_id_4,10764,2
user_id_4,58,2
user_id_4,57201,2
user_id_4,49521,2
user_id_4,2454,1
user_id_4,24428,3
user_id_4,1865,4
user_id_4,41154,1
user_id_4,122917,2
user_id_4,1930,4
user_id_4,20662,1
user_id_4,57158,4
user_id_4,2268,4
user_id_4,254,4
user_id_4,597,5
user_id_4,271110,5
user_id_4,44833,1
user_id_4,135397,3
user_id_4,37724,1
user_id_4,558,4
user_id_4,68721,1
user_id_4,12155,4
user_id_4,36668,4
user_id_4,62211,3
user_id_4,8373,4
user_id_4,91314,2
user_id_4,68728,3
user_id_4,102382,4
user_id_4,20526,1
user_id_4,49013,4
user_id_4,44912,4
user_id_4,10193,4
user_id_4,534,4
user_id_4,168259,1
user_id_4,72190,5
user_id_4,127585,1
user_id_4,54138,4
user_id_4,81005,2
user_id_4,64682,4
user_id_4,9543,5
user_id_4,68726,4
user_id_4,38356,4
user_id_4,217,2
user_id_4,105864,4
user_id_4,62177,2
user_id_4,188927,3
user_id_4,10681,5
user_id_4,5174,2
user_id_4,14161,2
user_id_4,17979,1
user_id_4,76757,2
user_id_4,258489,4
user_id_4,411,2
user_id_4,246655,3
user_id_4,155,3
user_id_4,14160,3
user_id_4,15512,4
user_id_4,1726,4
user_id_4,44826,2
user_id_4,8487,2
user_id_4,1735,4
user_id_4,297761,1
user_id_4,2698,1
user_id_4,137113,4
user_id_4,9804,4
user_id_4,14869,3
user_id_4,150540,4
user_id_4,278927,3
user_id_4,10138,4
user_id_4,58595,2
user_id_4,102651,3
user_id_4,119450,2
user_id_4,79698,2
user_id_4,64686,1
user_id_4,100402,2
user_id_4,10192,2
user_id_4,158852,3
user_id_4,177572,4
user_id_4,82690,2
user_id_4,5255,4
user_id_4,47933,3
user_id_4,10191,5
user_id_4,296,5
user_id_4,118340,5
user_id_4,157336,2
user_id_4,27205,2
user_id_4,315011,1
user_id_4,49051,1
user_id_4,9799,2
user_id_4,4922,5
user_id_4,49538,5
user_id_4,131634,5
user_id_4,27022,4
user_id_4,503,4
user_id_4,241259,3
user_id_4,810,3
user_id_4,68735,1
user_id_4,87101,1
user_id_4,10140,2
user_id_4,676,4
user_id_4,1858,4
user_id_4,1966,4
user_id_4,675,4
user_id_4,674,2
user_id_4,8960,2
user_id_4,6479,3
user_id_4,118,1
user_id_4,2062,1
user_id_4,272,4
user_id_4,10527,5
user_id_4,18360,1
user_id_4,2080,5
user_id_4,605,2
user_id_4,109445,2
user_id_4,604,2
user_id_4,76338,5
user_id_4,76341,1
user_id_4,13448,1
user_id_4,10195,2
user_id_4,13053,2
user_id_4,19585,2
user_id_4,57165,4
user_id_4,62213,1
user_id_4,177677,1
user_id_4,7978,1
user_id_4,5559,1
user_id_4,49444,4
user_id_4,10196,4
user_id_4,956,1
user_id_4,117251,5
user_id_4,50321,5
user_id_4,11619,2
user_id_4,266647,1
user_id_4,82703,2
user_id_4,652,2
user_id_4,80321,4
user_id_4,36669,3
user_id_4,43074,5
user_id_4,95,3
user_id_4,608,4
user_id_4,2310,1
user_id_4,140300,1
user_id_4,56292,2
user_id_4,81188,2
user_id_4,7552,2
user_id_4,616,1
user_id_4,147441,2
user_id_4,13475,2
user_id_4,557,4
user_id_4,82702,3
user_id_4,205584,5
user_id_4,10048,5
user_id_4,13183,3
user_id_4,944,3
user_id_4,1927,1
user_id_4,72559,3
user_id_4,7364,2
user_id_4,2114,2
user_id_4,1771,2
user_id_4,36643,1
user_id_4,8619,3
user_id_4,50620,4
user_id_4,65759,5
user_id_4,1724,3
user_id_4,267935,1
user_id_4,281957,4
user_id_4,77950,1
user_id_4,44896,1
user_id_4,270946,2
user_id_4,2503,4
user_id_4,9502,1
user_id_4,102899,4
user_id_4,101299,2
user_id_4,228161,4
user_id_4,74,1
user_id_4,8961,1
user_id_4,417859,3
user_id_4,27576,3
user_id_4,86834,3
user_id_4,17578,5
user_id_4,673,2
user_id_4,6972,2
user_id_4,82700,5
user_id_4,10567,3
user_id_4,181533,4
user_id_4,38055,5
user_id_4,671,2
user_id_4,49524,5
user_id_4,22,2
user_id_5,19995,4
user_id_5,285,2
user_id_5,206647,4
user_id_5,49026,4
user_id_5,49529,1
user_id_5,559,5
user_id_5,38757,1
user_id_5,99861,4
user_id_5,767,3
user_id_5,209112,5
user_id_5,1452,4
user_id_5,10764,2
user_id_5,58,1
user_id_5,57201,2
user_id_5,49521,2
user_id_5,2454,1
user_id_5,24428,4
user_id_5,1865,3
user_id_5,41154,5
user_id_5,122917,4
user_id_5,1930,2
user_id_5,20662,1
user_id_5,57158,5
user_id_5,2268,5
user_id_5,254,5
user_id_5,597,5
user_id_5,271110,2
user_id_5,44833,3
user_id_5,135397,5
user_id_5,37724,1
user_id_5,558,4
user_id_5,68721,4
user_id_5,12155,3
user_id_5,36668,2
user_id_5,62211,5
user_id_5,8373,2
user_id_5,91314,3
user_id_5,68728,5
user_id_5,102382,5
user_id_5,20526,2
user_id_5,49013,2
user_id_5,44912,5
user_id_5,10193,3
user_id_5,534,5
user_id_5,168259,5
user_id_5,72190,2
user_id_5,127585,3
user_id_5,54138,1
user_id_5,81005,3
user_id_5,64682,1
user_id_5,9543,3
user_id_5,68726,2
user_id_5,38356,3
user_id_5,217,4
user_id_5,105864,5
user_id_5,62177,4
user_id_5,188927,4
user_id_5,10681,1
user_id_5,5174,4
user_id_5,14161,4
user_id_5,17979,1
user_id_5,76757,4
user_id_5,258489,2
user_id_5,411,1
user_id_5,246655,3
user_id_5,155,1
user_id_5,14160,5
user_id_5,15512,1
user_id_5,1726,1
user_id_5,44826,4
user_id_5,8487,3
user_id_5,1735,3
user_id_5,297761,4
user_id_5,2698,5
user_id_5,137113,2
user_id_5,9804,4
user_id_5,14869,3
user_id_5,150540,1
user_id_5,278927,5
user_id_5,10138,4
user_id_5,58595,4
user_id_5,102651,1
user_id_5,119450,3
user_id_5,79698,5
user_id_5,64686,3
user_id_5,100402,2
user_id_5,10192,5
user_id_5,158852,3
user_id_5,177572,3
user_id_5,82690,1
user_id_5,5255,5
user_id_5,47933,3
user_id_5,10191,2
user_id_5,296,3
user_id_5,118340,4
user_id_5,157336,4
user_id_5,27205,2
user_id_5,315011,3
user_id_5,49051,1
user_id_5,9799,4
user_id_5,4922,1
user_id_5,49538,2
user_id_5,131634,1
user_id_5,27022,4
user_id_5,503,2
user_id_5,241259,3
user_id_5,810,1
user_id_5,68735,4
user_id_5,87101,3
user_id_5,10140,1
user_id_5,676,3
user_id_5,1858,2
user_id_5,1966,4
user_id_5,675,5
user_id_5,674,2
user_id_5,8960,5
user_id_5,6479,4
user_id_5,118,1
user_id_5,2062,3
user_id_5,272,2
user_id_5,10527,5
user_id_5,18360,2
user_id_5,2080,4
user_id_5,605,1
user_id_5,109445,2
user_id_5,604,5
user_id_5,76338,1
user_id_5,76341,4
user_id_5,13448,1
user_id_5,10195,1
user_id_5,13053,5
user_id_5,19585,3
user_id_5,57165,3
user_id_5,62213,2
user_id_5,177677,3
user_id_5,7978,4
user_id_5,5559,3
user_id_5,49444,3
user_id_5,10196,4
user_id_5,956,2
user_id_5,117251,2
user_id_5,50321,5
user_id_5,11619,5
user_id_5,266647,2
user_id_5,82703,3
user_id_5,652,5
user_id_5,80321,4
user_id_5,36669,4
user_id_5,43074,5
user_id_5,95,3
user_id_5,608,1
user_id_5,2310,3
user_id_5,140300,3
user_id_5,56292,2
user_id_5,81188,3
user_id_5,7552,5
user_id_5,616,3
user_id_5,147441,3
user_id_5,13475,5
user_id_5,557,5
user_id_5,82702,5
user_id_5,205584,1
user_id_5,10048,2
user_id_5,13183,1
user_id_5,944,5
user_id_5,1927,4
user_id_5,72559,2
user_id_5,7364,2
user_id_5,2114,5
user_id_5,1771,2
user_id_5,36643,4
user_id_5,8619,4
user_id_5,50620,4
user_id_5,65759,5
user_id_5,1724,1
user_id_5,267935,4
user_id_5,281957,5
user_id_5,77950,4
user_id_5,44896,3
user_id_5,270946,4
user_id_5,2503,3
user_id_5,9502,4
user_id_5,102899,2
user_id_5,101299,4
user_id_5,228161,2
user_id_5,74,1
user_id_5,8961,3
user_id_5,417859,5
user_id_5,27576,1
user_id_5,86834,4
user_id_5,17578,5
user_id_5,673,3
user_id_5,6972,4
user_id_5,82700,4
user_id_5,10567,4
user_id_5,181533,4
user_id_5,38055,1
user_id_5,671,2
user_id_5,49524,4
user_id_5,22,2
user_id_6,19995,4
user_id_6,285,2
user_id_6,206647,1
user_id_6,49026,2
user_id_6,49529,5
user_id_6,559,1
user_id_6,38757,4
user_id_6,99861,3
user_id_6,767,3
user_id_6,209112,2
user_id_6,1452,5
user_id_6,10764,1
user_id_6,58,5
user_id_6,57201,4
user_id_6,49521,5
user_id_6,2454,5
user_id_6,24428,5
user_id_6,1865,2
user_id_6,41154,2
user_id_6,122917,1
user_id_6,1930,4
user_id_6,20662,1
user_id_6,57158,4
user_id_6,2268,5
user_id_6,254,4
user_id_6,597,4
user_id_6,271110,5
user_id_6,44833,1
user_id_6,135397,5
user_id_6,37724,1
user_id_6,558,3
user_id_6,68721,1
user_id_6,12155,2
user_id_6,36668,3
user_id_6,62211,4
user_id_6,8373,4
user_id_6,91314,4
user_id_6,68728,5
user_id_6,102382,1
user_id_6,20526,3
user_id_6,49013,2
user_id_6,44912,2
user_id_6,10193,3
user_id_6,534,5
user_id_6,168259,4
user_id_6,72190,2
user_id_6,127585,5
user_id_6,54138,4
user_id_6,81005,2
user_id_6,64682,2
user_id_6,9543,3
user_id_6,68726,1
user_id_6,38356,4
user_id_6,217,1
user_id_6,105864,5
user_id_6,62177,3
user_id_6,188927,2
user_id_6,10681,5
user_id_6,5174,5
user_id_6,14161,3
user_id_6,17979,4
user_id_6,76757,2
user_id_6,258489,5
user_id_6,411,1
user_id_6,246655,5
user_id_6,155,4
user_id_6,14160,3
user_id_6,15512,5
user_id_6,1726,1
user_id_6,44826,3
user_id_6,8487,3
user_id_6,1735,3
user_id_6,297761,2
user_id_6,2698,2
user_id_6,137113,5
user_id_6,9804,1
user_id_6,14869,1
user_id_6,150540,4
user_id_6,278927,2
user_id_6,10138,5
user_id_6,58595,2
user_id_6,102651,1
user_id_6,119450,3
user_id_6,79698,4
user_id_6,64686,5
user_id_6,100402,3
user_id_6,10192,1
user_id_6,158852,1
user_id_6,177572,5
user_id_6,82690,3
user_id_6,5255,5
user_id_6,47933,1
user_id_6,10191,3
user_id_6,296,5
user_id_6,118340,3
user_id_6,157336,4
user_id_6,27205,4
user_id_6,315011,5
user_id_6,49051,5
user_id_6,9799,2
user_id_6,4922,3
user_id_6,49538,1
user_id_6,131634,4
user_id_6,27022,5
user_id_6,503,4
user_id_6,241259,2
user_id_6,810,2
user_id_6,68735,1
user_id_6,87101,3
user_id_6,10140,5
user_id_6,676,1
user_id_6,1858,2
user_id_6,1966,1
user_id_6,675,3
user_id_6,674,3
user_id_6,8960,5
user_id_6,6479,2
user_id_6,118,2
user_id_6,2062,3
user_id_6,272,1
user_id_6,10527,4
user_id_6,18360,2
user_id_6,2080,3
user_id_6,605,1
user_id_6,109445,5
user_id_6,604,2
user_id_6,76338,3
user_id_6,76341,2
user_id_6,13448,1
user_id_6,10195,2
user_id_6,13053,1
user_id_6,19585,4
user_id_6,57165,1
user_id_6,62213,3
user_id_6,177677,4
user_id_6,7978,2
user_id_6,5559,3
user_id_6,49444,2
user_id_6,10196,4
user_id_6,956,5
user_id_6,117251,5
user_id_6,50321,4
user_id_6,11619,1
user_id_6,266647,5
user_id_6,82703,5
user_id_6,652,1
user_id_6,80321,3
user_id_6,36669,5
user_id_6,43074,3
user_id_6,95,3
user_id_6,608,3
user_id_6,2310,5
user_id_6,140300,5
user_id_6,56292,3
user_id_6,81188,4
user_id_6,7552,1
user_id_6,616,4
user_id_6,147441,2
user_id_6,13475,4
user_id_6,557,4
user_id_6,82702,1
user_id_6,205584,4
user_id_6,10048,1
user_id_6,13183,4
user_id_6,944,2
user_id_6,1927,5
user_id_6,72559,5
user_id_6,7364,3
user_id_6,2114,4
user_id_6,1771,4
user_id_6,36643,5
user_id_6,8619,2
user_id_6,50620,2
user_id_6,65759,2
user_id_6,1724,5
user_id_6,267935,2
user_id_6,281957,4
user_id_6,77950,1
user_id_6,44896,1
user_id_6,270946,1
user_id_6,2503,1
user_id_6,9502,2
user_id_6,102899,3
user_id_6,101299,1
user_id_6,228161,1
user_id_6,74,4
user_id_6,8961,1
user_id_6,417859,2
user_id_6,27576,3
user_id_6,86834,5
user_id_6,17578,2
user_id_6,673,2
user_id_6,6972,2
user_id_6,82700,5
user_id_6,10567,4
user_id_6,181533,2
user_id_6,38055,3
user_id_6,671,1
user_id_6,49524,5
user_id_6,22,1
user_id_7,19995,4
user_id_7,285,2
user_id_7,206647,5
user_id_7,49026,5
user_id_7,49529,2
user_id_7,559,5
user_id_7,38757,4
user_id_7,99861,4
user_id_7,767,5
user_id_7,209112,1
user_id_7,1452,5
user_id_7,10764,5
user_id_7,58,2
user_id_7,57201,5
user_id_7,49521,1
user_id_7,2454,2
user_id_7,24428,5
user_id_7,1865,2
user_id_7,41154,4
user_id_7,122917,2
user_id_7,1930,5
user_id_7,20662,1
user_id_7,57158,4
user_id_7,2268,1
user_id_7,254,3
user_id_7,597,5
user_id_7,271110,4
user_id_7,44833,4
user_id_7,135397,3
user_id_7,37724,1
user_id_7,558,5
user_id_7,68721,3
user_id_7,12155,3
user_id_7,36668,5
user_id_7,62211,2
user_id_7,8373,3
user_id_7,91314,2
user_id_7,68728,1
user_id_7,102382,5
user_id_7,20526,4
user_id_7,49013,1
user_id_7,44912,2
user_id_7,10193,3
user_id_7,534,2
user_id_7,168259,3
user_id_7,72190,4
user_id_7,127585,2
user_id_7,54138,2
user_id_7,81005,2
user_id_7,64682,5
user_id_7,9543,1
user_id_7,68726,4
user_id_7,38356,5
user_id_7,217,1
user_id_7,105864,3
user_id_7,62177,4
user_id_7,188927,1
user_id_7,10681,1
user_id_7,5174,3
user_id_7,14161,5
user_id_7,17979,3
user_id_7,76757,3
user_id_7,258489,1
user_id_7,411,2
user_id_7,246655,5
user_id_7,155,1
user_id_7,14160,2
user_id_7,15512,3
user_id_7,1726,3
user_id_7,44826,2
user_id_7,8487,2
user_id_7,1735,2
user_id_7,297761,4
user_id_7,2698,5
user_id_7,137113,5
user_id_7,9804,4
user_id_7,14869,3
user_id_7,150540,1
user_id_7,278927,5
user_id_7,10138,3
user_id_7,58595,1
user_id_7,102651,3
user_id_7,119450,2
user_id_7,79698,5
user_id_7,64686,1
user_id_7,100402,3
user_id_7,10192,5
user_id_7,158852,5
user_id_7,177572,2
user_id_7,82690,3
user_id_7,5255,1
user_id_7,47933,1
user_id_7,10191,2
user_id_7,296,3
user_id_7,118340,3
user_id_7,157336,3
user_id_7,27205,5
user_id_7,315011,4
user_id_7,49051,3
user_id_7,9799,5
user_id_7,4922,3
user_id_7,49538,2
user_id_7,131634,5
user_id_7,27022,1
user_id_7,503,3
user_id_7,241259,5
user_id_7,810,4
user_id_7,68735,3
user_id_7,87101,3
user_id_7,10140,5
user_id_7,676,3
user_id_7,1858,5
user_id_7,1966,3
user_id_7,675,1
user_id_7,674,3
user_id_7,8960,3
user_id_7,6479,2
user_id_7,118,4
user_id_7,2062,2
user_id_7,272,1
user_id_7,10527,4
user_id_7,18360,2
user_id_7,2080,1
user_id_7,605,4
user_id_7,109445,2
user_id_7,604,4
user_id_7,76338,4
user_id_7,76341,5
user_id_7,13448,4
user_id_7,10195,1
user_id_7,13053,1
user_id_7,19585,1
user_id_7,57165,5
user_id_7,62213,1
user_id_7,177677,5
user_id_7,7978,1
user_id_7,5559,3
user_id_7,49444,3
user_id_7,10196,4
user_id_7,956,2
user_id_7,117251,5
user_id_7,50321,4
user_id_7,11619,4
user_id_7,266647,3
user_id_7,82703,4
user_id_7,652,4
user_id_7,80321,4
user_id_7,36669,5
user_id_7,43074,1
user_id_7,95,3
user_id_7,608,5
user_id_7,2310,1
user_id_7,140300,1
user_id_7,56292,4
user_id_7,81188,2
user_id_7,7552,2
user_id_7,616,2
user_id_7,147441,3
user_id_7,13475,2
user_id_7,557,5
user_id_7,82702,4
user_id_7,205584,4
user_id_7,10048,5
user_id_7,13183,2
user_id_7,944,2
user_id_7,1927,2
user_id_7,72559,2
user_id_7,7364,5
user_id_7,2114,5
user_id_7,1771,2
user_id_7,36643,1
user_id_7,8619,2
user_id_7,50620,2
user_id_7,65759,4
user_id_7,1724,4
user_id_7,267935,4
user_id_7,281957,1
user_id_7,77950,5
user_id_7,44896,4
user_id_7,270946,5
user_id_7,2503,1
user_id_7,9502,3
user_id_7,102899,1
user_id_7,101299,2
user_id_7,228161,3
user_id_7,74,1
user_id_7,8961,1
user_id_7,417859,2
user_id_7,27576,4
user_id_7,86834,5
user_id_7,17578,1
user_id_7,673,1
user_id_7,6972,2
user_id_7,82700,1
user_id_7,10567,3
user_id_7,181533,5
user_id_7,38055,1
user_id_7,671,3
user_id_7,49524,2
user_id_7,22,4
user_id_8,19995,5
user_id_8,285,3
user_id_8,206647,1
user_id_8,49026,3
user_id_8,49529,2
user_id_8,559,4
user_id_8,38757,5
user_id_8,99861,4
user_id_8,767,4
user_id_8,209112,3
user_id_8,1452,2
user_id_8,10764,1
user_id_8,58,2
user_id_8,57201,1
user_id_8,49521,3
user_id_8,2454,3
user_id_8,24428,3
user_id_8,1865,2
user_id_8,41154,1
user_id_8,122917,2
user_id_8,1930,1
user_id_8,20662,5
user_id_8,57158,1
user_id_8,2268,3
user_id_8,254,3
user_id_8,597,4
user_id_8,271110,3
user_id_8,44833,5
user_id_8,135397,4
user_id_8,37724,5
user_id_8,558,1
user_id_8,68721,4
user_id_8,12155,1
user_id_8,36668,2
user_id_8,62211,4
user_id_8,8373,3
user_id_8,91314,5
user_id_8,68728,3
user_id_8,102382,1
user_id_8,20526,4
user_id_8,49013,4
user_id_8,44912,3
user_id_8,10193,3
user_id_8,534,3
user_id_8,168259,5
user_id_8,72190,2
user_id_8,127585,4
user_id_8,54138,2
user_id_8,81005,3
user_id_8,64682,4
user_id_8,9543,4
user_id_8,68726,2
user_id_8,38356,3
user_id_8,217,4
user_id_8,105864,5
user_id_8,62177,2
user_id_8,188927,3
user_id_8,10681,2
user_id_8,5174,1
user_id_8,14161,5
user_id_8,17979,5
user_id_8,76757,3
user_id_8,258489,3
user_id_8,411,1
user_id_8,246655,3
user_id_8,155,3
user_id_8,14160,4
user_id_8,15512,4
user_id_8,1726,5
user_id_8,44826,4
user_id_8,8487,4
user_id_8,1735,4
user_id_8,297761,1
user_id_8,2698,1
user_id_8,137113,3
user_id_8,9804,5
user_id_8,14869,5
user_id_8,150540,5
user_id_8,278927,2
user_id_8,10138,5
user_id_8,58595,3
user_id_8,102651,3
user_id_8,119450,2
user_id_8,79698,1
user_id_8,64686,3
user_id_8,100402,1
user_id_8,10192,1
user_id_8,158852,1
user_id_8,177572,4
user_id_8,82690,5
user_id_8,5255,2
user_id_8,47933,3
user_id_8,10191,4
user_id_8,296,4
user_id_8,118340,5
user_id_8,157336,5
user_id_8,27205,2
user_id_8,315011,1
user_id_8,49051,5
user_id_8,9799,5
user_id_8,4922,4
user_id_8,49538,2
user_id_8,131634,4
user_id_8,27022,3
user_id_8,503,2
user_id_8,241259,1
user_id_8,810,4
user_id_8,68735,4
user_id_8,87101,1
user_id_8,10140,4
user_id_8,676,4
user_id_8,1858,2
user_id_8,1966,2
user_id_8,675,3
user_id_8,674,5
user_id_8,8960,5
user_id_8,6479,2
user_id_8,118,5
user_id_8,2062,3
user_id_8,272,3
user_id_8,10527,1
user_id_8,18360,3
user_id_8,2080,2
user_id_8,605,2
user_id_8,109445,2
user_id_8,604,2
user_id_8,76338,4
user_id_8,76341,2
user_id_8,13448,3
user_id_8,10195,4
user_id_8,13053,2
user_id_8,19585,1
user_id_8,57165,5
user_id_8,62213,1
user_id_8,177677,5
user_id_8,7978,2
user_id_8,5559,4
user_id_8,49444,2
user_id_8,10196,5
user_id_8,956,5
user_id_8,117251,1
user_id_8,50321,5
user_id_8,11619,5
user_id_8,266647,2
user_id_8,82703,3
user_id_8,652,4
user_id_8,80321,2
user_id_8,36669,5
user_id_8,43074,4
user_id_8,95,4
user_id_8,608,3
user_id_8,2310,4
user_id_8,140300,5
user_id_8,56292,3
user_id_8,81188,2
user_id_8,7552,2
user_id_8,616,1
user_id_8,147441,2
user_id_8,13475,1
user_id_8,557,1
user_id_8,82702,2
user_id_8,205584,1
user_id_8,10048,1
user_id_8,13183,2
user_id_8,944,3
user_id_8,1927,3
user_id_8,72559,1
user_id_8,7364,1
user_id_8,2114,4
user_id_8,1771,2
user_id_8,36643,4
user_id_8,8619,5
user_id_8,50620,2
user_id_8,65759,2
user_id_8,1724,1
user_id_8,267935,4
user_id_8,281957,2
user_id_8,77950,3
user_id_8,44896,5
user_id_8,270946,2
user_id_8,2503,5
user_id_8,9502,2
user_id_8,102899,4
user_id_8,101299,1
user_id_8,228161,5
user_id_8,74,3
user_id_8,8961,4
user_id_8,417859,5
user_id_8,27576,3
user_id_8,86834,3
user_id_8,17578,3
user_id_8,673,4
user_id_8,6972,3
user_id_8,82700,1
user_id_8,10567,4
user_id_8,181533,3
user_id_8,38055,3
user_id_8,671,4
user_id_8,49524,5
user_id_8,22,5
user_id_9,19995,1
user_id_9,285,2
user_id_9,206647,3
user_id_9,49026,5
user_id_9,49529,2
user_id_9,559,5
user_id_9,38757,2
user_id_9,99861,3
user_id_9,767,1
user_id_9,209112,5
user_id_9,1452,1
user_id_9,10764,2
user_id_9,58,1
user_id_9,57201,2
user_id_9,49521,5
user_id_9,2454,4
user_id_9,24428,5
user_id_9,1865,2
user_id_9,41154,3
user_id_9,122917,4
user_id_9,1930,4
user_id_9,20662,2
user_id_9,57158,1
user_id_9,2268,1
user_id_9,254,1
user_id_9,597,5
user_id_9,271110,3
user_id_9,44833,3
user_id_9,135397,3
user_id_9,37724,5
user_id_9,558,5
user_id_9,68721,3
user_id_9,12155,3
user_id_9,36668,5
user_id_9,62211,5
user_id_9,8373,3
user_id_9,91314,4
user_id_9,68728,5
user_id_9,102382,4
user_id_9,20526,5
user_id_9,49013,3
user_id_9,44912,1
user_id_9,10193,1
user_id_9,534,4
user_id_9,168259,3
user_id_9,72190,1
user_id_9,127585,5
user_id_9,54138,3
user_id_9,81005,5
user_id_9,64682,1
user_id_9,9543,1
user_id_9,68726,2
user_id_9,38356,2
user_id_9,217,2
user_id_9,105864,3
user_id_9,62177,4
user_id_9,188927,3
user_id_9,10681,2
user_id_9,5174,3
user_id_9,14161,3
user_id_9,17979,1
user_id_9,76757,3
user_id_9,258489,3
user_id_9,411,3
user_id_9,246655,4
user_id_9,155,5
user_id_9,14160,3
user_id_9,15512,4
user_id_9,1726,1
user_id_9,44826,4
user_id_9,8487,3
user_id_9,1735,5
user_id_9,297761,5
user_id_9,2698,4
user_id_9,137113,3
user_id_9,9804,5
user_id_9,14869,3
user_id_9,150540,5
user_id_9,278927,1
user_id_9,10138,2
user_id_9,58595,5
user_id_9,102651,4
user_id_9,119450,2
user_id_9,79698,2
user_id_9,64686,2
user_id_9,100402,5
user_id_9,10192,1
user_id_9,158852,2
user_id_9,177572,4
user_id_9,82690,3
user_id_9,5255,1
user_id_9,47933,2
user_id_9,10191,1
user_id_9,296,3
user_id_9,118340,3
user_id_9,157336,1
user_id_9,27205,4
user_id_9,315011,4
user_id_9,49051,5
user_id_9,9799,4
user_id_9,4922,5
user_id_9,49538,4
user_id_9,131634,3
user_id_9,27022,5
user_id_9,503,3
user_id_9,241259,2
user_id_9,810,1
user_id_9,68735,3
user_id_9,87101,2
user_id_9,10140,1
user_id_9,676,1
user_id_9,1858,5
user_id_9,1966,4
user_id_9,675,5
user_id_9,674,5
user_id_9,8960,2
user_id_9,6479,2
user_id_9,118,5
user_id_9,2062,5
user_id_9,272,1
user_id_9,10527,5
user_id_9,18360,3
user_id_9,2080,2
user_id_9,605,1
user_id_9,109445,4
user_id_9,604,1
user_id_9,76338,3
user_id_9,76341,1
user_id_9,13448,2
user_id_9,10195,4
user_id_9,13053,3
user_id_9,19585,2
user_id_9,57165,3
user_id_9,62213,5
user_id_9,177677,5
user_id_9,7978,3
user_id_9,5559,2
user_id_9,49444,1
user_id_9,10196,5
user_id_9,956,1
user_id_9,117251,1
user_id_9,50321,2
user_id_9,11619,1
user_id_9,266647,5
user_id_9,82703,4
user_id_9,652,1
user_id_9,80321,5
user_id_9,36669,1
user_id_9,43074,4
user_id_9,95,5
user_id_9,608,5
user_id_9,2310,2
user_id_9,140300,1
user_id_9,56292,3
user_id_9,81188,5
user_id_9,7552,2
user_id_9,616,1
user_id_9,147441,2
user_id_9,13475,5
user_id_9,557,2
user_id_9,82702,4
user_id_9,205584,5
user_id_9,10048,4
user_id_9,13183,3
user_id_9,944,1
user_id_9,1927,3
user_id_9,72559,1
user_id_9,7364,3
user_id_9,2114,4
user_id_9,1771,1
user_id_9,36643,5
user_id_9,8619,3
user_id_9,50620,1
user_id_9,65759,2
user_id_9,1724,2
user_id_9,267935,5
user_id_9,281957,5
user_id_9,77950,2
user_id_9,44896,2
user_id_9,270946,3
user_id_9,2503,5
user_id_9,9502,2
user_id_9,102899,5
user_id_9,101299,4
user_id_9,228161,1
user_id_9,74,1
user_id_9,8961,2
user_id_9,417859,3
user_id_9,27576,2
user_id_9,86834,3
user_id_9,17578,1
user_id_9,673,1
user_id_9,6972,1
user_id_9,82700,2
user_id_9,10567,1
user_id_9,181533,4
user_id_9,38055,4
user_id_9,671,4
user_id_9,49524,5
user_id_9,22,5
user_id_10,19995,3
user_id_10,285,2
user_id_10,206647,4
user_id_10,49026,5
user_id_10,49529,3
user_id_10,559,3
user_id_10,38757,1
user_id_10,99861,5
user_id_10,767,4
user_id_10,209112,5
user_id_10,1452,5
user_id_10,10764,5
user_id_10,58,3
user_id_10,57201,4
user_id_10,49521,3
user_id_10,2454,2
user_id_10,24428,2
user_id_10,1865,1
user_id_10,41154,5
user_id_10,122917,5
user_id_10,1930,1
user_id_10,20662,2
user_id_10,57158,5
user_id_10,2268,4
user_id_10,254,4
user_id_10,597,2
user_id_10,271110,4
user_id_10,44833,4
user_id_10,135397,4
user_id_10,37724,1
user_id_10,558,5
user_id_10,68721,1
user_id_10,12155,5
user_id_10,36668,5
user_id_10,62211,2
user_id_10,8373,4
user_id_10,91314,3
user_id_10,68728,3
user_id_10,102382,2
user_id_10,20526,1
user_id_10,49013,3
user_id_10,44912,2
user_id_10,10193,4
user_id_10,534,3
user_id_10,168259,5
user_id_10,72190,3
user_id_10,127585,1
user_id_10,54138,4
user_id_10,81005,5
user_id_10,64682,1
user_id_10,9543,3
user_id_10,68726,1
user_id_10,38356,3
user_id_10,217,4
user_id_10,105864,1
user_id_10,62177,4
user_id_10,188927,2
user_id_10,10681,4
user_id_10,5174,2
user_id_10,14161,5
user_id_10,17979,5
user_id_10,76757,1
user_id_10,258489,4
user_id_10,411,4
user_id_10,246655,5
user_id_10,155,5
user_id_10,14160,3
user_id_10,15512,3
user_id_10,1726,2
user_id_10,44826,1
user_id_10,8487,1
user_id_10,1735,5
user_id_10,297761,5
user_id_10,2698,3
user_id_10,137113,4
user_id_10,9804,2
user_id_10,14869,3
user_id_10,150540,3
user_id_10,278927,3
user_id_10,10138,1
user_id_10,58595,2
user_id_10,102651,1
user_id_10,119450,4
user_id_10,79698,3
user_id_10,64686,3
user_id_10,100402,4
user_id_10,10192,3
user_id_10,158852,2
user_id_10,177572,5
user_id_10,82690,4
user_id_10,5255,1
user_id_10,47933,5
user_id_10,10191,2
user_id_10,296,3
user_id_10,118340,3
user_id_10,157336,1
user_id_10,27205,5
user_id_10,315011,5
user_id_10,49051,1
user_id_10,9799,2
user_id_10,4922,5
user_id_10,49538,2
user_id_10,131634,5
user_id_10,27022,4
user_id_10,503,2
user_id_10,241259,4
user_id_10,810,4
user_id_10,68735,5
user_id_10,87101,1
user_id_10,10140,2
user_id_10,676,1
user_id_10,1858,3
user_id_10,1966,4
user_id_10,675,3
user_id_10,674,3
user_id_10,8960,3
user_id_10,6479,5
user_id_10,118,4
user_id_10,2062,2
user_id_10,272,2
user_id_10,10527,5
user_id_10,18360,4
user_id_10,2080,5
user_id_10,605,5
user_id_10,109445,5
user_id_10,604,1
user_id_10,76338,1
user_id_10,76341,2
user_id_10,13448,4
user_id_10,10195,5
user_id_10,13053,4
user_id_10,19585,3
user_id_10,57165,2
user_id_10,62213,2
user_id_10,177677,5
user_id_10,7978,2
user_id_10,5559,1
user_id_10,49444,2
user_id_10,10196,5
user_id_10,956,5
user_id_10,117251,4
user_id_10,50321,3
user_id_10,11619,4
user_id_10,266647,3
user_id_10,82703,3
user_id_10,652,3
user_id_10,80321,3
user_id_10,36669,1
user_id_10,43074,3
user_id_10,95,4
user_id_10,608,4
user_id_10,2310,2
user_id_10,140300,2
user_id_10,56292,5
user_id_10,81188,1
user_id_10,7552,4
user_id_10,616,2
user_id_10,147441,2
user_id_10,13475,4
user_id_10,557,4
user_id_10,82702,4
user_id_10,205584,5
user_id_10,10048,4
user_id_10,13183,4
user_id_10,944,2
user_id_10,1927,4
user_id_10,72559,2
user_id_10,7364,4
user_id_10,2114,2
user_id_10,1771,2
user_id_10,36643,3
user_id_10,8619,2
user_id_10,50620,1
user_id_10,65759,4
user_id_10,1724,3
user_id_10,267935,5
user_id_10,281957,5
user_id_10,77950,3
user_id_10,44896,3
user_id_10,270946,2
user_id_10,2503,2
user_id_10,9502,2
user_id_10,102899,2
user_id_10,101299,3
user_id_10,228161,3
user_id_10,74,5
user_id_10,8961,3
user_id_10,417859,3
user_id_10,27576,1
user_id_10,86834,2
user_id_10,17578,2
user_id_10,673,2
user_id_10,6972,1
user_id_10,82700,2
user_id_10,10567,2
user_id_10,181533,5
user_id_10,38055,3
user_id_10,671,1
user_id_10,49524,4
user_id_10,22,5
user_id_11,19995,4
user_id_11,285,4
user_id_11,206647,1
user_id_11,49026,3
user_id_11,49529,3
user_id_11,559,3
user_id_11,38757,4
user_id_11,99861,1
user_id_11,767,2
user_id_11,209112,3
user_id_11,1452,3
user_id_11,10764,1
user_id_11,58,3
user_id_11,57201,3
user_id_11,49521,4
user_id_11,2454,4
user_id_11,24428,3
user_id_11,1865,2
user_id_11,41154,1
user_id_11,122917,2
user_id_11,1930,1
user_id_11,20662,1
user_id_11,57158,1
user_id_11,2268,2
user_id_11,254,1
user_id_11,597,4
user_id_11,271110,3
user_id_11,44833,4
user_id_11,135397,1
user_id_11,37724,4
user_id_11,558,5
user_id_11,68721,3
user_id_11,12155,3
user_id_11,36668,2
user_id_11,62211,3
user_id_11,8373,5
user_id_11,91314,4
user_id_11,68728,4
user_id_11,102382,3
user_id_11,20526,5
user_id_11,49013,4
user_id_11,44912,3
user_id_11,10193,5
user_id_11,534,3
user_id_11,168259,5
user_id_11,72190,5
user_id_11,127585,5
user_id_11,54138,2
user_id_11,81005,5
user_id_11,64682,4
user_id_11,9543,5
user_id_11,68726,1
user_id_11,38356,5
user_id_11,217,4
user_id_11,105864,1
user_id_11,62177,5
user_id_11,188927,2
user_id_11,10681,4
user_id_11,5174,3
user_id_11,14161,4
user_id_11,17979,2
user_id_11,76757,4
user_id_11,258489,5
user_id_11,411,1
user_id_11,246655,5
user_id_11,155,4
user_id_11,14160,1
user_id_11,15512,2
user_id_11,1726,3
user_id_11,44826,5
user_id_11,8487,1
user_id_11,1735,5
user_id_11,297761,1
user_id_11,2698,1
user_id_11,137113,1
user_id_11,9804,5
user_id_11,14869,2
user_id_11,150540,3
user_id_11,278927,4
user_id_11,10138,2
user_id_11,58595,2
user_id_11,102651,2
user_id_11,119450,5
user_id_11,79698,4
user_id_11,64686,4
user_id_11,100402,3
user_id_11,10192,1
user_id_11,158852,3
user_id_11,177572,3
user_id_11,82690,2
user_id_11,5255,5
user_id_11,47933,2
user_id_11,10191,1
user_id_11,296,1
user_id_11,118340,5
user_id_11,157336,3
user_id_11,27205,5
user_id_11,315011,1
user_id_11,49051,2
user_id_11,9799,1
user_id_11,4922,3
user_id_11,49538,5
user_id_11,131634,1
user_id_11,27022,2
user_id_11,503,1
user_id_11,241259,2
user_id_11,810,1
user_id_11,68735,3
user_id_11,87101,5
user_id_11,10140,3
user_id_11,676,2
user_id_11,1858,1
user_id_11,1966,5
user_id_11,675,3
user_id_11,674,4
user_id_11,8960,4
user_id_11,6479,2
user_id_11,118,4
user_id_11,2062,1
user_id_11,272,5
user_id_11,10527,5
user_id_11,18360,2
user_id_11,2080,2
user_id_11,605,1
user_id_11,109445,5
user_id_11,604,2
user_id_11,76338,1
user_id_11,76341,5
user_id_11,13448,4
user_id_11,10195,4
user_id_11,13053,4
user_id_11,19585,3
user_id_11,57165,4
user_id_11,62213,3
user_id_11,177677,4
user_id_11,7978,1
user_id_11,5559,5
user_id_11,49444,4
user_id_11,10196,3
user_id_11,956,1
user_id_11,117251,4
user_id_11,50321,5
user_id_11,11619,4
user_id_11,266647,4
user_id_11,82703,3
user_id_11,652,4
user_id_11,80321,1
user_id_11,36669,5
user_id_11,43074,4
user_id_11,95,3
user_id_11,608,5
user_id_11,2310,4
user_id_11,140300,1
user_id_11,56292,3
user_id_11,81188,5
user_id_11,7552,4
user_id_11,616,2
user_id_11,147441,3
user_id_11,13475,5
user_id_11,557,5
user_id_11,82702,3
user_id_11,205584,1
user_id_11,10048,5
user_id_11,13183,2
user_id_11,944,5
user_id_11,1927,5
user_id_11,72559,4
user_id_11,7364,2
user_id_11,2114,4
user_id_11,1771,3
user_id_11,36643,1
user_id_11,8619,3
user_id_11,50620,3
user_id_11,65759,1
user_id_11,1724,1
user_id_11,267935,3
user_id_11,281957,4
user_id_11,77950,2
user_id_11,44896,1
user_id_11,270946,3
user_id_11,2503,4
user_id_11,9502,2
user_id_11,102899,5
user_id_11,101299,1
user_id_11,228161,5
user_id_11,74,3
user_id_11,8961,4
user_id_11,417859,1
user_id_11,27576,2
user_id_11,86834,1
user_id_11,17578,3
user_id_11,673,1
user_id_11,6972,3
user_id_11,82700,2
user_id_11,10567,2
user_id_11,181533,5
user_id_11,38055,1
user_id_11,671,3
user_id_11,49524,4
user_id_11,22,4
user_id_12,19995,4
user_id_12,285,1
user_id_12,206647,3
user_id_12,49026,1
user_id_12,49529,4
user_id_12,559,2
user_id_12,38757,2
user_id_12,99861,2
user_id_12,767,4
user_id_12,209112,5
user_id_12,1452,5
user_id_12,10764,4
user_id_12,58,1
user_id_12,57201,1
user_id_12,49521,4
user_id_12,2454,3
user_id_12,24428,1
user_id_12,1865,3
user_id_12,41154,3
user_id_12,122917,4
user_id_12,1930,4
user_id_12,20662,2
user_id_12,57158,2
user_id_12,2268,5
user_id_12,254,3
user_id_12,597,2
user_id_12,271110,3
user_id_12,44833,4
user_id_12,135397,3
user_id_12,37724,3
user_id_12,558,1
user_id_12,68721,3
user_id_12,12155,2
user_id_12,36668,3
user_id_12,62211,4
user_id_12,8373,3
user_id_12,91314,3
user_id_12,68728,2
user_id_12,102382,5
user_id_12,20526,2
user_id_12,49013,5
user_id_12,44912,1
user_id_12,10193,5
user_id_12,534,5
user_id_12,168259,3
user_id_12,72190,2
user_id_12,127585,2
user_id_12,54138,3
user_id_12,81005,4
user_id_12,64682,5
user_id_12,9543,4
user_id_12,68726,1
user_id_12,38356,4
user_id_12,217,4
user_id_12,105864,4
user_id_12,62177,5
user_id_12,188927,4
user_id_12,10681,1
user_id_12,5174,2
user_id_12,14161,5
user_id_12,17979,5
user_id_12,76757,4
user_id_12,258489,4
user_id_12,411,2
user_id_12,246655,3
user_id_12,155,1
user_id_12,14160,1
user_id_12,15512,3
user_id_12,1726,3
user_id_12,44826,5
user_id_12,8487,4
user_id_12,1735,5
user_id_12,297761,5
user_id_12,2698,3
user_id_12,137113,2
user_id_12,9804,3
user_id_12,14869,3
user_id_12,150540,3
user_id_12,278927,2
user_id_12,10138,5
user_id_12,58595,3
user_id_12,102651,4
user_id_12,119450,5
user_id_12,79698,4
user_id_12,64686,2
user_id_12,100402,4
user_id_12,10192,5
user_id_12,158852,5
user_id_12,177572,4
user_id_12,82690,3
user_id_12,5255,3
user_id_12,47933,4
user_id_12,10191,1
user_id_12,296,1
user_id_12,118340,3
user_id_12,157336,1
user_id_12,27205,4
user_id_12,315011,5
user_id_12,49051,3
user_id_12,9799,1
user_id_12,4922,2
user_id_12,49538,3
user_id_12,131634,2
user_id_12,27022,4
user_id_12,503,2
user_id_12,241259,3
user_id_12,810,2
user_id_12,68735,5
user_id_12,87101,4
user_id_12,10140,1
user_id_12,676,2
user_id_12,1858,1
user_id_12,1966,4
user_id_12,675,3
user_id_12,674,4
user_id_12,8960,4
user_id_12,6479,2
user_id_12,118,5
user_id_12,2062,2
user_id_12,272,4
user_id_12,10527,3
user_id_12,18360,4
user_id_12,2080,2
user_id_12,605,3
user_id_12,109445,2
user_id_12,604,4
user_id_12,76338,4
user_id_12,76341,2
user_id_12,13448,1
user_id_12,10195,4
user_id_12,13053,1
user_id_12,19585,4
user_id_12,57165,4
user_id_12,62213,3
user_id_12,177677,1
user_id_12,7978,5
user_id_12,5559,1
user_id_12,49444,2
user_id_12,10196,2
user_id_12,956,4
user_id_12,117251,3
user_id_12,50321,1
user_id_12,11619,2
user_id_12,266647,5
user_id_12,82703,4
user_id_12,652,2
user_id_12,80321,4
user_id_12,36669,5
user_id_12,43074,2
user_id_12,95,1
user_id_12,608,4
user_id_12,2310,2
user_id_12,140300,4
user_id_12,56292,3
user_id_12,81188,3
user_id_12,7552,3
user_id_12,616,1
user_id_12,147441,5
user_id_12,13475,5
user_id_12,557,2
user_id_12,82702,3
user_id_12,205584,2
user_id_12,10048,5
user_id_12,13183,3
user_id_12,944,2
user_id_12,1927,3
user_id_12,72559,5
user_id_12,7364,5
user_id_12,2114,1
user_id_12,1771,5
user_id_12,36643,5
user_id_12,8619,2
user_id_12,50620,5
user_id_12,65759,1
user_id_12,1724,1
user_id_12,267935,5
user_id_12,281957,1
user_id_12,77950,1
user_id_12,44896,4
user_id_12,270946,3
user_id_12,2503,4
user_id_12,9502,1
user_id_12,102899,2
user_id_12,101299,4
user_id_12,228161,4
user_id_12,74,2
user_id_12,8961,3
user_id_12,417859,3
user_id_12,27576,4
user_id_12,86834,2
user_id_12,17578,2
user_id_12,673,4
user_id_12,6972,3
user_id_12,82700,5
user_id_12,10567,3
user_id_12,181533,5
user_id_12,38055,3
user_id_12,671,4
user_id_12,49524,4
user_id_12,22,1
user_id_13,19995,2
user_id_13,285,1
user_id_13,206647,3
user_id_13,49026,5
user_id_13,49529,3
user_id_13,559,4
user_id_13,38757,1
user_id_13,99861,1
user_id_13,767,5
user_id_13,209112,4
user_id_13,1452,4
user_id_13,10764,2
user_id_13,58,2
user_id_13,57201,2
user_id_13,49521,1
user_id_13,2454,1
user_id_13,24428,4
user_id_13,1865,4
user_id_13,41154,2
user_id_13,122917,1
user_id_13,1930,2
user_id_13,20662,1
user_id_13,57158,1
user_id_13,2268,2
user_id_13,254,3
user_id_13,597,4
user_id_13,271110,3
user_id_13,44833,1
user_id_13,135397,5
user_id_13,37724,5
user_id_13,558,4
user_id_13,68721,2
user_id_13,12155,4
user_id_13,36668,3
user_id_13,62211,4
user_id_13,8373,2
user_id_13,91314,2
user_id_13,68728,4
user_id_13,102382,1
user_id_13,20526,3
user_id_13,49013,4
user_id_13,44912,4
user_id_13,10193,2
user_id_13,534,3
user_id_13,168259,1
user_id_13,72190,3
user_id_13,127585,5
user_id_13,54138,2
user_id_13,81005,3
user_id_13,64682,3
user_id_13,9543,3
user_id_13,68726,2
user_id_13,38356,3
user_id_13,217,4
user_id_13,105864,1
user_id_13,62177,5
user_id_13,188927,3
user_id_13,10681,3
user_id_13,5174,4
user_id_13,14161,3
user_id_13,17979,1
user_id_13,76757,3
user_id_13,258489,5
user_id_13,411,3
user_id_13,246655,3
user_id_13,155,2
user_id_13,14160,5
user_id_13,15512,2
user_id_13,1726,5
user_id_13,44826,1
user_id_13,8487,3
user_id_13,1735,1
user_id_13,297761,3
user_id_13,2698,2
user_id_13,137113,2
user_id_13,9804,5
user_id_13,14869,3
user_id_13,150540,3
user_id_13,278927,2
user_id_13,10138,4
user_id_13,58595,5
user_id_13,102651,5
user_id_13,119450,3
user_id_13,79698,3
user_id_13,64686,1
user_id_13,100402,2
user_id_13,10192,3
user_id_13,158852,2
user_id_13,177572,2
user_id_13,82690,4
user_id_13,5255,2
user_id_13,47933,2
user_id_13,10191,5
user_id_13,296,3
user_id_13,118340,3
user_id_13,157336,4
user_id_13,27205,4
user_id_13,315011,1
user_id_13,49051,1
user_id_13,9799,3
user_id_13,4922,1
user_id_13,49538,5
user_id_13,131634,3
user_id_13,27022,1
user_id_13,503,5
user_id_13,241259,2
user_id_13,810,4
user_id_13,68735,2
user_id_13,87101,1
user_id_13,10140,3
user_id_13,676,3
user_id_13,1858,2
user_id_13,1966,4
user_id_13,675,5
user_id_13,674,5
user_id_13,8960,1
user_id_13,6479,4
user_id_13,118,5
user_id_13,2062,1
user_id_13,272,3
user_id_13,10527,1
user_id_13,18360,1
user_id_13,2080,2
user_id_13,605,5
user_id_13,109445,4
user_id_13,604,5
user_id_13,76338,5
user_id_13,76341,2
user_id_13,13448,5
user_id_13,10195,5
user_id_13,13053,5
user_id_13,19585,5
user_id_13,57165,4
user_id_13,62213,3
user_id_13,177677,5
user_id_13,7978,3
user_id_13,5559,4
user_id_13,49444,1
user_id_13,10196,5
user_id_13,956,2
user_id_13,117251,4
user_id_13,50321,4
user_id_13,11619,2
user_id_13,266647,1
user_id_13,82703,2
user_id_13,652,5
user_id_13,80321,1
user_id_13,36669,1
user_id_13,43074,1
user_id_13,95,5
user_id_13,608,2
user_id_13,2310,4
user_id_13,140300,4
user_id_13,56292,5
user_id_13,81188,3
user_id_13,7552,2
user_id_13,616,3
user_id_13,147441,1
user_id_13,13475,5
user_id_13,557,1
user_id_13,82702,4
user_id_13,205584,4
user_id_13,10048,5
user_id_13,13183,4
user_id_13,944,5
user_id_13,1927,5
user_id_13,72559,4
user_id_13,7364,3
user_id_13,2114,5
user_id_13,1771,2
user_id_13,36643,2
user_id_13,8619,4
user_id_13,50620,4
user_id_13,65759,3
user_id_13,1724,5
user_id_13,267935,4
user_id_13,281957,5
user_id_13,77950,3
user_id_13,44896,2
user_id_13,270946,3
user_id_13,2503,2
user_id_13,9502,2
user_id_13,102899,1
user_id_13,101299,1
user_id_13,228161,5
user_id_13,74,4
user_id_13,8961,1
user_id_13,417859,4
user_id_13,27576,2
user_id_13,86834,4
user_id_13,17578,5
user_id_13,673,4
user_id_13,6972,4
user_id_13,82700,3
user_id_13,10567,4
user_id_13,181533,5
user_id_13,38055,4
user_id_13,671,1
user_id_13,49524,4
user_id_13,22,1
user_id_14,19995,4
user_id_14,285,5
user_id_14,206647,5
user_id_14,49026,1
user_id_14,49529,2
user_id_14,559,2
user_id_14,38757,5
user_id_14,99861,2
user_id_14,767,1
user_id_14,209112,3
user_id_14,1452,4
user_id_14,10764,5
user_id_14,58,1
user_id_14,57201,2
user_id_14,49521,1
user_id_14,2454,5
user_id_14,24428,3
user_id_14,1865,4
user_id_14,41154,3
user_id_14,122917,3
user_id_14,1930,5
user_id_14,20662,1
user_id_14,57158,2
user_id_14,2268,1
user_id_14,254,2
user_id_14,597,1
user_id_14,271110,5
user_id_14,44833,5
user_id_14,135397,1
user_id_14,37724,2
user_id_14,558,4
user_id_14,68721,5
user_id_14,12155,3
user_id_14,36668,3
user_id_14,62211,3
user_id_14,8373,3
user_id_14,91314,5
user_id_14,68728,1
user_id_14,102382,1
user_id_14,20526,3
user_id_14,49013,3
user_id_14,44912,2
user_id_14,10193,1
user_id_14,534,5
user_id_14,168259,4
user_id_14,72190,1
user_id_14,127585,3
user_id_14,54138,4
user_id_14,81005,4
user_id_14,64682,2
user_id_14,9543,2
user_id_14,68726,3
user_id_14,38356,1
user_id_14,217,2
user_id_14,105864,3
user_id_14,62177,3
user_id_14,188927,2
user_id_14,10681,4
user_id_14,5174,2
user_id_14,14161,2
user_id_14,17979,2
user_id_14,76757,2
user_id_14,258489,4
user_id_14,411,4
user_id_14,246655,2
user_id_14,155,3
user_id_14,14160,4
user_id_14,15512,1
user_id_14,1726,3
user_id_14,44826,5
user_id_14,8487,4
user_id_14,1735,5
user_id_14,297761,1
user_id_14,2698,5
user_id_14,137113,1
user_id_14,9804,4
user_id_14,14869,1
user_id_14,150540,2
user_id_14,278927,4
user_id_14,10138,2
user_id_14,58595,4
user_id_14,102651,4
user_id_14,119450,1
user_id_14,79698,4
user_id_14,64686,3
user_id_14,100402,4
user_id_14,10192,1
user_id_14,158852,3
user_id_14,177572,5
user_id_14,82690,2
user_id_14,5255,1
user_id_14,47933,3
user_id_14,10191,2
user_id_14,296,1
user_id_14,118340,4
user_id_14,157336,4
user_id_14,27205,2
user_id_14,315011,5
user_id_14,49051,3
user_id_14,9799,3
user_id_14,4922,2
user_id_14,49538,2
user_id_14,131634,2
user_id_14,27022,2
user_id_14,503,3
user_id_14,241259,3
user_id_14,810,4
user_id_14,68735,4
user_id_14,87101,4
user_id_14,10140,4
user_id_14,676,1
user_id_14,1858,3
user_id_14,1966,1
user_id_14,675,5
user_id_14,674,1
user_id_14,8960,4
user_id_14,6479,1
user_id_14,118,5
user_id_14,2062,1
user_id_14,272,4
user_id_14,10527,3
user_id_14,18360,1
user_id_14,2080,5
user_id_14,605,1
user_id_14,109445,5
user_id_14,604,5
user_id_14,76338,3
user_id_14,76341,5
user_id_14,13448,3
user_id_14,10195,4
user_id_14,13053,3
user_id_14,19585,3
user_id_14,57165,2
user_id_14,62213,4
user_id_14,177677,5
user_id_14,7978,2
user_id_14,5559,2
user_id_14,49444,5
user_id_14,10196,4
user_id_14,956,2
user_id_14,117251,3
user_id_14,50321,5
user_id_14,11619,4
user_id_14,266647,3
user_id_14,82703,3
user_id_14,652,4
user_id_14,80321,1
user_id_14,36669,2
user_id_14,43074,2
user_id_14,95,2
user_id_14,608,5
user_id_14,2310,2
user_id_14,140300,5
user_id_14,56292,2
user_id_14,81188,2
user_id_14,7552,2
user_id_14,616,5
user_id_14,147441,5
user_id_14,13475,2
user_id_14,557,3
user_id_14,82702,1
user_id_14,205584,5
user_id_14,10048,5
user_id_14,13183,5
user_id_14,944,3
user_id_14,1927,1
user_id_14,72559,3
user_id_14,7364,5
user_id_14,2114,1
user_id_14,1771,1
user_id_14,36643,2
user_id_14,8619,4
user_id_14,50620,2
user_id_14,65759,5
user_id_14,1724,5
user_id_14,267935,4
user_id_14,281957,2
user_id_14,77950,3
user_id_14,44896,5
user_id_14,270946,5
user_id_14,2503,1
user_id_14,9502,1
user_id_14,102899,5
user_id_14,101299,3
user_id_14,228161,3
user_id_14,74,2
user_id_14,8961,1
user_id_14,417859,2
user_id_14,27576,3
user_id_14,86834,1
user_id_14,17578,5
user_id_14,673,2
user_id_14,6972,4
user_id_14,82700,3
user_id_14,10567,3
user_id_14,181533,1
user_id_14,38055,3
user_id_14,671,3
user_id_14,49524,4
user_id_14,22,4
user_id_15,19995,5
user_id_15,285,5
user_id_15,206647,4
user_id_15,49026,2
user_id_15,49529,2
user_id_15,559,2
user_id_15,38757,3
user_id_15,99861,4
user_id_15,767,1
user_id_15,209112,2
user_id_15,1452,2
user_id_15,10764,3
user_id_15,58,4
user_id_15,57201,5
user_id_15,49521,3
user_id_15,2454,1
user_id_15,24428,1
user_id_15,1865,3
user_id_15,41154,1
user_id_15,122917,2
user_id_15,1930,2
user_id_15,20662,2
user_id_15,57158,2
user_id_15,2268,1
user_id_15,254,4
user_id_15,597,5
user_id_15,271110,4
user_id_15,44833,1
user_id_15,135397,1
user_id_15,37724,4
user_id_15,558,4
user_id_15,68721,1
user_id_15,12155,3
user_id_15,36668,1
user_id_15,62211,5
user_id_15,8373,4
user_id_15,91314,4
user_id_15,68728,5
user_id_15,102382,5
user_id_15,20526,3
user_id_15,49013,3
user_id_15,44912,3
user_id_15,10193,3
user_id_15,534,4
user_id_15,168259,2
user_id_15,72190,5
user_id_15,127585,4
user_id_15,54138,1
user_id_15,81005,3
user_id_15,64682,2
user_id_15,9543,5
user_id_15,68726,2
user_id_15,38356,3
user_id_15,217,5
user_id_15,105864,5
user_id_15,62177,5
user_id_15,188927,5
user_id_15,10681,5
user_id_15,5174,4
user_id_15,14161,5
user_id_15,17979,4
user_id_15,76757,5
user_id_15,258489,1
user_id_15,411,1
user_id_15,246655,4
user_id_15,155,3
user_id_15,14160,5
user_id_15,15512,3
user_id_15,1726,1
user_id_15,44826,1
user_id_15,8487,1
user_id_15,1735,1
user_id_15,297761,1
user_id_15,2698,1
user_id_15,137113,1
user_id_15,9804,3
user_id_15,14869,1
user_id_15,150540,1
user_id_15,278927,4
user_id_15,10138,1
user_id_15,58595,3
user_id_15,102651,5
user_id_15,119450,4
user_id_15,79698,5
user_id_15,64686,4
user_id_15,100402,4
user_id_15,10192,2
user_id_15,158852,3
user_id_15,177572,4
user_id_15,82690,4
user_id_15,5255,2
user_id_15,47933,1
user_id_15,10191,3
user_id_15,296,3
user_id_15,118340,4
user_id_15,157336,1
user_id_15,27205,3
user_id_15,315011,5
user_id_15,49051,1
user_id_15,9799,4
user_id_15,4922,2
user_id_15,49538,1
user_id_15,131634,5
user_id_15,27022,5
user_id_15,503,3
user_id_15,241259,3
user_id_15,810,1
user_id_15,68735,1
user_id_15,87101,2
user_id_15,10140,3
user_id_15,676,5
user_id_15,1858,4
user_id_15,1966,2
user_id_15,675,5
user_id_15,674,4
user_id_15,8960,4
user_id_15,6479,3
user_id_15,118,4
user_id_15,2062,2
user_id_15,272,5
user_id_15,10527,3
user_id_15,18360,3
user_id_15,2080,2
user_id_15,605,3
user_id_15,109445,2
user_id_15,604,5
user_id_15,76338,5
user_id_15,76341,2
user_id_15,13448,2
user_id_15,10195,2
user_id_15,13053,4
user_id_15,19585,4
user_id_15,57165,3
user_id_15,62213,5
user_id_15,177677,1
user_id_15,7978,4
user_id_15,5559,2
user_id_15,49444,1
user_id_15,10196,1
user_id_15,956,5
user_id_15,117251,4
user_id_15,50321,2
user_id_15,11619,4
user_id_15,266647,5
user_id_15,82703,5
user_id_15,652,5
user_id_15,80321,1
user_id_15,36669,2
user_id_15,43074,1
user_id_15,95,1
user_id_15,608,1
user_id_15,2310,3
user_id_15,140300,5
user_id_15,56292,5
user_id_15,81188,5
user_id_15,7552,5
user_id_15,616,2
user_id_15,147441,4
user_id_15,13475,2
user_id_15,557,3
user_id_15,82702,5
user_id_15,205584,4
user_id_15,10048,3
user_id_15,13183,2
user_id_15,944,4
user_id_15,1927,5
user_id_15,72559,5
user_id_15,7364,3
user_id_15,2114,4
user_id_15,1771,2
user_id_15,36643,2
user_id_15,8619,4
user_id_15,50620,2
user_id_15,65759,3
user_id_15,1724,3
user_id_15,267935,5
user_id_15,281957,2
user_id_15,77950,5
user_id_15,44896,1
user_id_15,270946,2
user_id_15,2503,3
user_id_15,9502,2
user_id_15,102899,5
user_id_15,101299,1
user_id_15,228161,4
user_id_15,74,4
user_id_15,8961,3
user_id_15,417859,2
user_id_15,27576,3
user_id_15,86834,4
user_id_15,17578,2
user_id_15,673,3
user_id_15,6972,3
user_id_15,82700,3
user_id_15,10567,4
user_id_15,181533,3
user_id_15,38055,4
user_id_15,671,2
user_id_15,49524,5
user_id_15,22,1
user_id_16,19995,1
user_id_16,285,2
user_id_16,206647,5
user_id_16,49026,5
user_id_16,49529,1
user_id_16,559,5
user_id_16,38757,1
user_id_16,99861,4
user_id_16,767,1
user_id_16,209112,5
user_id_16,1452,3
user_id_16,10764,1
user_id_16,58,5
user_id_16,57201,1
user_id_16,49521,3
user_id_16,2454,4
user_id_16,24428,1
user_id_16,1865,5
user_id_16,41154,1
user_id_16,122917,4
user_id_16,1930,2
user_id_16,20662,3
user_id_16,57158,5
user_id_16,2268,2
user_id_16,254,5
user_id_16,597,4
user_id_16,271110,5
user_id_16,44833,4
user_id_16,135397,4
user_id_16,37724,2
user_id_16,558,2
user_id_16,68721,1
user_id_16,12155,2
user_id_16,36668,4
user_id_16,62211,3
user_id_16,8373,5
user_id_16,91314,2
user_id_16,68728,3
user_id_16,102382,1
user_id_16,20526,5
user_id_16,49013,1
user_id_16,44912,5
user_id_16,10193,4
user_id_16,534,3
user_id_16,168259,2
user_id_16,72190,2
user_id_16,127585,3
user_id_16,54138,5
user_id_16,81005,4
user_id_16,64682,5
user_id_16,9543,4
user_id_16,68726,3
user_id_16,38356,3
user_id_16,217,1
user_id_16,105864,5
user_id_16,62177,4
user_id_16,188927,2
user_id_16,10681,2
user_id_16,5174,3
user_id_16,14161,2
user_id_16,17979,4
user_id_16,76757,4
user_id_16,258489,5
user_id_16,411,2
user_id_16,246655,1
user_id_16,155,4
user_id_16,14160,2
user_id_16,15512,5
user_id_16,1726,4
user_id_16,44826,2
user_id_16,8487,2
user_id_16,1735,5
user_id_16,297761,5
user_id_16,2698,2
user_id_16,137113,3
user_id_16,9804,2
user_id_16,14869,5
user_id_16,150540,5
user_id_16,278927,3
user_id_16,10138,4
user_id_16,58595,2
user_id_16,102651,2
user_id_16,119450,3
user_id_16,79698,1
user_id_16,64686,4
user_id_16,100402,1
user_id_16,10192,4
user_id_16,158852,5
user_id_16,177572,1
user_id_16,82690,4
user_id_16,5255,3
user_id_16,47933,4
user_id_16,10191,1
user_id_16,296,3
user_id_16,118340,3
user_id_16,157336,3
user_id_16,27205,5
user_id_16,315011,3
user_id_16,49051,2
user_id_16,9799,3
user_id_16,4922,2
user_id_16,49538,2
user_id_16,131634,3
user_id_16,27022,1
user_id_16,503,3
user_id_16,241259,5
user_id_16,810,5
user_id_16,68735,3
user_id_16,87101,5
user_id_16,10140,4
user_id_16,676,1
user_id_16,1858,5
user_id_16,1966,2
user_id_16,675,4
user_id_16,674,4
user_id_16,8960,4
user_id_16,6479,5
user_id_16,118,3
user_id_16,2062,2
user_id_16,272,4
user_id_16,10527,5
user_id_16,18360,1
user_id_16,2080,4
user_id_16,605,4
user_id_16,109445,5
user_id_16,604,5
user_id_16,76338,4
user_id_16,76341,2
user_id_16,13448,1
user_id_16,10195,1
user_id_16,13053,3
user_id_16,19585,1
user_id_16,57165,3
user_id_16,62213,4
user_id_16,177677,3
user_id_16,7978,2
user_id_16,5559,1
user_id_16,49444,4
user_id_16,10196,2
user_id_16,956,5
user_id_16,117251,4
user_id_16,50321,5
user_id_16,11619,4
user_id_16,266647,1
user_id_16,82703,1
user_id_16,652,4
user_id_16,80321,4
user_id_16,36669,2
user_id_16,43074,2
user_id_16,95,2
user_id_16,608,2
user_id_16,2310,5
user_id_16,140300,4
user_id_16,56292,5
user_id_16,81188,4
user_id_16,7552,3
user_id_16,616,3
user_id_16,147441,2
user_id_16,13475,2
user_id_16,557,3
user_id_16,82702,4
user_id_16,205584,2
user_id_16,10048,2
user_id_16,13183,2
user_id_16,944,1
user_id_16,1927,4
user_id_16,72559,5
user_id_16,7364,5
user_id_16,2114,2
user_id_16,1771,1
user_id_16,36643,5
user_id_16,8619,5
user_id_16,50620,2
user_id_16,65759,3
user_id_16,1724,3
user_id_16,267935,1
user_id_16,281957,2
user_id_16,77950,3
user_id_16,44896,1
user_id_16,270946,1
user_id_16,2503,4
user_id_16,9502,2
user_id_16,102899,4
user_id_16,101299,4
user_id_16,228161,4
user_id_16,74,1
user_id_16,8961,1
user_id_16,417859,4
user_id_16,27576,1
user_id_16,86834,5
user_id_16,17578,5
user_id_16,673,5
user_id_16,6972,2
user_id_16,82700,3
user_id_16,10567,4
user_id_16,181533,5
user_id_16,38055,5
user_id_16,671,4
user_id_16,49524,5
user_id_16,22,4
user_id_17,19995,1
user_id_17,285,2
user_id_17,206647,1
user_id_17,49026,2
user_id_17,49529,5
user_id_17,559,4
user_id_17,38757,1
user_id_17,99861,4
user_id_17,767,5
user_id_17,209112,4
user_id_17,1452,2
user_id_17,10764,1
user_id_17,58,3
user_id_17,57201,4
user_id_17,49521,4
user_id_17,2454,1
user_id_17,24428,1
user_id_17,1865,5
user_id_17,41154,1
user_id_17,122917,4
user_id_17,1930,2
user_id_17,20662,5
user_id_17,57158,5
user_id_17,2268,5
user_id_17,254,1
user_id_17,597,2
user_id_17,271110,2
user_id_17,44833,3
user_id_17,135397,4
user_id_17,37724,1
user_id_17,558,3
user_id_17,68721,4
user_id_17,12155,4
user_id_17,36668,4
user_id_17,62211,5
user_id_17,8373,5
user_id_17,91314,3
user_id_17,68728,2
user_id_17,102382,5
user_id_17,20526,1
user_id_17,49013,5
user_id_17,44912,5
user_id_17,10193,3
user_id_17,534,5
user_id_17,168259,3
user_id_17,72190,4
user_id_17,127585,1
user_id_17,54138,5
user_id_17,81005,5
user_id_17,64682,2
user_id_17,9543,5
user_id_17,68726,1
user_id_17,38356,2
user_id_17,217,5
user_id_17,105864,4
user_id_17,62177,5
user_id_17,188927,4
user_id_17,10681,3
user_id_17,5174,3
user_id_17,14161,1
user_id_17,17979,2
user_id_17,76757,5
user_id_17,258489,2
user_id_17,411,3
user_id_17,246655,5
user_id_17,155,1
user_id_17,14160,3
user_id_17,15512,2
user_id_17,1726,4
user_id_17,44826,3
user_id_17,8487,3
user_id_17,1735,2
user_id_17,297761,2
user_id_17,2698,4
user_id_17,137113,1
user_id_17,9804,2
user_id_17,14869,4
user_id_17,150540,4
user_id_17,278927,2
user_id_17,10138,5
user_id_17,58595,2
user_id_17,102651,5
user_id_17,119450,1
user_id_17,79698,5
user_id_17,64686,2
user_id_17,100402,5
user_id_17,10192,1
user_id_17,158852,1
user_id_17,177572,1
user_id_17,82690,4
user_id_17,5255,1
user_id_17,47933,3
user_id_17,10191,3
user_id_17,296,1
user_id_17,118340,5
user_id_17,157336,4
user_id_17,27205,4
user_id_17,315011,4
user_id_17,49051,5
user_id_17,9799,5
user_id_17,4922,1
user_id_17,49538,1
user_id_17,131634,5
user_id_17,27022,5
user_id_17,503,5
user_id_17,241259,3
user_id_17,810,1
user_id_17,68735,5
user_id_17,87101,5
user_id_17,10140,4
user_id_17,676,4
user_id_17,1858,3
user_id_17,1966,3
user_id_17,675,4
user_id_17,674,5
user_id_17,8960,1
user_id_17,6479,5
user_id_17,118,2
user_id_17,2062,2
user_id_17,272,3
user_id_17,10527,2
user_id_17,18360,2
user_id_17,2080,2
user_id_17,605,5
user_id_17,109445,5
user_id_17,604,5
user_id_17,76338,1
user_id_17,76341,2
user_id_17,13448,2
user_id_17,10195,2
user_id_17,13053,3
user_id_17,19585,1
user_id_17,57165,2
user_id_17,62213,1
user_id_17,177677,3
user_id_17,7978,2
user_id_17,5559,1
user_id_17,49444,2
user_id_17,10196,3
user_id_17,956,4
user_id_17,117251,4
user_id_17,50321,4
user_id_17,11619,5
user_id_17,266647,2
user_id_17,82703,3
user_id_17,652,1
user_id_17,80321,1
user_id_17,36669,4
user_id_17,43074,2
user_id_17,95,5
user_id_17,608,1
user_id_17,2310,5
user_id_17,140300,1
user_id_17,56292,3
user_id_17,81188,4
user_id_17,7552,2
user_id_17,616,4
user_id_17,147441,4
user_id_17,13475,1
user_id_17,557,4
user_id_17,82702,2
user_id_17,205584,2
user_id_17,10048,1
user_id_17,13183,5
user_id_17,944,1
user_id_17,1927,5
user_id_17,72559,2
user_id_17,7364,5
user_id_17,2114,5
user_id_17,1771,5
user_id_17,36643,3
user_id_17,8619,5
user_id_17,50620,5
user_id_17,65759,5
user_id_17,1724,3
user_id_17,267935,1
user_id_17,281957,3
user_id_17,77950,1
user_id_17,44896,3
user_id_17,270946,1
user_id_17,2503,3
user_id_17,9502,5
user_id_17,102899,2
user_id_17,101299,2
user_id_17,228161,5
user_id_17,74,2
user_id_17,8961,3
user_id_17,417859,5
user_id_17,27576,2
user_id_17,86834,5
user_id_17,17578,4
user_id_17,673,3
user_id_17,6972,2
user_id_17,82700,3
user_id_17,10567,2
user_id_17,181533,3
user_id_17,38055,2
user_id_17,671,5
user_id_17,49524,1
user_id_17,22,4
user_id_18,19995,5
user_id_18,285,2
user_id_18,206647,4
user_id_18,49026,4
user_id_18,49529,3
user_id_18,559,2
user_id_18,38757,3
user_id_18,99861,1
user_id_18,767,2
user_id_18,209112,2
user_id_18,1452,1
user_id_18,10764,2
user_id_18,58,4
user_id_18,57201,2
user_id_18,49521,1
user_id_18,2454,3
user_id_18,24428,3
user_id_18,1865,4
user_id_18,41154,5
user_id_18,122917,2
user_id_18,1930,5
user_id_18,20662,4
user_id_18,57158,3
user_id_18,2268,3
user_id_18,254,2
user_id_18,597,2
user_id_18,271110,2
user_id_18,44833,3
user_id_18,135397,1
user_id_18,37724,3
user_id_18,558,5
user_id_18,68721,1
user_id_18,12155,3
user_id_18,36668,1
user_id_18,62211,2
user_id_18,8373,4
user_id_18,91314,2
user_id_18,68728,2
user_id_18,102382,4
user_id_18,20526,1
user_id_18,49013,4
user_id_18,44912,2
user_id_18,10193,1
user_id_18,534,1
user_id_18,168259,3
user_id_18,72190,1
user_id_18,127585,4
user_id_18,54138,3
user_id_18,81005,2
user_id_18,64682,4
user_id_18,9543,4
user_id_18,68726,4
user_id_18,38356,5
user_id_18,217,4
user_id_18,105864,4
user_id_18,62177,4
user_id_18,188927,2
user_id_18,10681,5
user_id_18,5174,2
user_id_18,14161,2
user_id_18,17979,3
user_id_18,76757,2
user_id_18,258489,1
user_id_18,411,3
user_id_18,246655,1
user_id_18,155,2
user_id_18,14160,4
user_id_18,15512,3
user_id_18,1726,3
user_id_18,44826,5
user_id_18,8487,5
user_id_18,1735,4
user_id_18,297761,3
user_id_18,2698,1
user_id_18,137113,5
user_id_18,9804,2
user_id_18,14869,5
user_id_18,150540,5
user_id_18,278927,5
user_id_18,10138,4
user_id_18,58595,1
user_id_18,102651,5
user_id_18,119450,4
user_id_18,79698,1
user_id_18,64686,5
user_id_18,100402,3
user_id_18,10192,1
user_id_18,158852,3
user_id_18,177572,4
user_id_18,82690,2
user_id_18,5255,4
user_id_18,47933,3
user_id_18,10191,1
user_id_18,296,1
user_id_18,118340,2
user_id_18,157336,5
user_id_18,27205,4
user_id_18,315011,4
user_id_18,49051,2
user_id_18,9799,4
user_id_18,4922,1
user_id_18,49538,3
user_id_18,131634,3
user_id_18,27022,3
user_id_18,503,1
user_id_18,241259,4
user_id_18,810,1
user_id_18,68735,4
user_id_18,87101,2
user_id_18,10140,4
user_id_18,676,1
user_id_18,1858,1
user_id_18,1966,3
user_id_18,675,5
user_id_18,674,4
user_id_18,8960,5
user_id_18,6479,3
user_id_18,118,1
user_id_18,2062,1
user_id_18,272,5
user_id_18,10527,1
user_id_18,18360,5
user_id_18,2080,3
user_id_18,605,5
user_id_18,109445,4
user_id_18,604,2
user_id_18,76338,1
user_id_18,76341,4
user_id_18,13448,2
user_id_18,10195,1
user_id_18,13053,3
user_id_18,19585,2
user_id_18,57165,2
user_id_18,62213,3
user_id_18,177677,2
user_id_18,7978,1
user_id_18,5559,3
user_id_18,49444,4
user_id_18,10196,5
user_id_18,956,4
user_id_18,117251,2
user_id_18,50321,4
user_id_18,11619,5
user_id_18,266647,4
user_id_18,82703,2
user_id_18,652,1
user_id_18,80321,2
user_id_18,36669,4
user_id_18,43074,5
user_id_18,95,2
user_id_18,608,1
user_id_18,2310,1
user_id_18,140300,5
user_id_18,56292,3
user_id_18,81188,5
user_id_18,7552,2
user_id_18,616,4
user_id_18,147441,2
user_id_18,13475,4
user_id_18,557,5
user_id_18,82702,3
user_id_18,205584,4
user_id_18,10048,3
user_id_18,13183,1
user_id_18,944,3
user_id_18,1927,5
user_id_18,72559,2
user_id_18,7364,5
user_id_18,2114,4
user_id_18,1771,5
user_id_18,36643,2
user_id_18,8619,2
user_id_18,50620,4
user_id_18,65759,3
user_id_18,1724,1
user_id_18,267935,2
user_id_18,281957,1
user_id_18,77950,2
user_id_18,44896,3
user_id_18,270946,5
user_id_18,2503,5
user_id_18,9502,2
user_id_18,102899,1
user_id_18,101299,2
user_id_18,228161,2
user_id_18,74,5
user_id_18,8961,5
user_id_18,417859,4
user_id_18,27576,5
user_id_18,86834,4
user_id_18,17578,3
user_id_18,673,3
user_id_18,6972,3
user_id_18,82700,1
user_id_18,10567,1
user_id_18,181533,4
user_id_18,38055,5
user_id_18,671,4
user_id_18,49524,4
user_id_18,22,4
user_id_19,19995,3
user_id_19,285,4
user_id_19,206647,4
user_id_19,49026,1
user_id_19,49529,5
user_id_19,559,1
user_id_19,38757,2
user_id_19,99861,4
user_id_19,767,4
user_id_19,209112,2
user_id_19,1452,4
user_id_19,10764,2
user_id_19,58,2
user_id_19,57201,2
user_id_19,49521,1
user_id_19,2454,2
user_id_19,24428,4
user_id_19,1865,4
user_id_19,41154,2
user_id_19,122917,1
user_id_19,1930,5
user_id_19,20662,3
user_id_19,57158,4
user_id_19,2268,1
user_id_19,254,1
user_id_19,597,4
user_id_19,271110,4
user_id_19,44833,5
user_id_19,135397,4
user_id_19,37724,4
user_id_19,558,5
user_id_19,68721,1
user_id_19,12155,5
user_id_19,36668,4
user_id_19,62211,4
user_id_19,8373,4
user_id_19,91314,4
user_id_19,68728,3
user_id_19,102382,1
user_id_19,20526,2
user_id_19,49013,3
user_id_19,44912,4
user_id_19,10193,1
user_id_19,534,1
user_id_19,168259,4
user_id_19,72190,4
user_id_19,127585,3
user_id_19,54138,5
user_id_19,81005,5
user_id_19,64682,5
user_id_19,9543,2
user_id_19,68726,3
user_id_19,38356,3
user_id_19,217,4
user_id_19,105864,4
user_id_19,62177,5
user_id_19,188927,4
user_id_19,10681,1
user_id_19,5174,3
user_id_19,14161,1
user_id_19,17979,2
user_id_19,76757,4
user_id_19,258489,2
user_id_19,411,2
user_id_19,246655,3
user_id_19,155,3
user_id_19,14160,5
user_id_19,15512,2
user_id_19,1726,5
user_id_19,44826,4
user_id_19,8487,4
user_id_19,1735,1
user_id_19,297761,1
user_id_19,2698,4
user_id_19,137113,5
user_id_19,9804,3
user_id_19,14869,2
user_id_19,150540,1
user_id_19,278927,4
user_id_19,10138,2
user_id_19,58595,5
user_id_19,102651,3
user_id_19,119450,5
user_id_19,79698,5
user_id_19,64686,4
user_id_19,100402,1
user_id_19,10192,5
user_id_19,158852,2
user_id_19,177572,2
user_id_19,82690,2
user_id_19,5255,1
user_id_19,47933,3
user_id_19,10191,2
user_id_19,296,2
user_id_19,118340,2
user_id_19,157336,2
user_id_19,27205,3
user_id_19,315011,4
user_id_19,49051,1
user_id_19,9799,3
user_id_19,4922,3
user_id_19,49538,5
user_id_19,131634,2
user_id_19,27022,4
user_id_19,503,5
user_id_19,241259,2
user_id_19,810,3
user_id_19,68735,3
user_id_19,87101,4
user_id_19,10140,2
user_id_19,676,3
user_id_19,1858,5
user_id_19,1966,3
user_id_19,675,4
user_id_19,674,5
user_id_19,8960,1
user_id_19,6479,3
user_id_19,118,5
user_id_19,2062,4
user_id_19,272,4
user_id_19,10527,5
user_id_19,18360,3
user_id_19,2080,3
user_id_19,605,3
user_id_19,109445,3
user_id_19,604,1
user_id_19,76338,4
user_id_19,76341,5
user_id_19,13448,2
user_id_19,10195,3
user_id_19,13053,1
user_id_19,19585,4
user_id_19,57165,2
user_id_19,62213,4
user_id_19,177677,3
user_id_19,7978,4
user_id_19,5559,5
user_id_19,49444,3
user_id_19,10196,4
user_id_19,956,4
user_id_19,117251,1
user_id_19,50321,1
user_id_19,11619,3
user_id_19,266647,2
user_id_19,82703,5
user_id_19,652,2
user_id_19,80321,4
user_id_19,36669,5
user_id_19,43074,5
user_id_19,95,1
user_id_19,608,3
user_id_19,2310,5
user_id_19,140300,4
user_id_19,56292,5
user_id_19,81188,2
user_id_19,7552,1
user_id_19,616,3
user_id_19,147441,4
user_id_19,13475,3
user_id_19,557,1
user_id_19,82702,5
user_id_19,205584,3
user_id_19,10048,3
user_id_19,13183,3
user_id_19,944,4
user_id_19,1927,4
user_id_19,72559,2
user_id_19,7364,3
user_id_19,2114,5
user_id_19,1771,3
user_id_19,36643,3
user_id_19,8619,2
user_id_19,50620,2
user_id_19,65759,3
user_id_19,1724,2
user_id_19,267935,4
user_id_19,281957,3
user_id_19,77950,3
user_id_19,44896,5
user_id_19,270946,4
user_id_19,2503,5
user_id_19,9502,5
user_id_19,102899,4
user_id_19,101299,4
user_id_19,228161,5
user_id_19,74,3
user_id_19,8961,4
user_id_19,417859,5
user_id_19,27576,3
user_id_19,86834,4
user_id_19,17578,3
user_id_19,673,3
user_id_19,6972,5
user_id_19,82700,3
user_id_19,10567,3
user_id_19,181533,1
user_id_19,38055,5
user_id_19,671,1
user_id_19,49524,5
user_id_19,22,4
user_id_20,19995,1
user_id_20,285,1
user_id_20,206647,4
user_id_20,49026,3
user_id_20,49529,4
user_id_20,559,3
user_id_20,38757,1
user_id_20,99861,1
user_id_20,767,1
user_id_20,209112,3
user_id_20,1452,2
user_id_20,10764,5
user_id_20,58,5
user_id_20,57201,2
user_id_20,49521,3
user_id_20,2454,5
user_id_20,24428,3
user_id_20,1865,3
user_id_20,41154,3
user_id_20,122917,4
user_id_20,1930,3
user_id_20,20662,5
user_id_20,57158,1
user_id_20,2268,3
user_id_20,254,4
user_id_20,597,5
user_id_20,271110,4
user_id_20,44833,5
user_id_20,135397,3
user_id_20,37724,2
user_id_20,558,2
user_id_20,68721,2
user_id_20,12155,5
user_id_20,36668,5
user_id_20,62211,4
user_id_20,8373,4
user_id_20,91314,1
user_id_20,68728,1
user_id_20,102382,1
user_id_20,20526,1
user_id_20,49013,3
user_id_20,44912,1
user_id_20,10193,3
user_id_20,534,5
user_id_20,168259,5
user_id_20,72190,2
user_id_20,127585,3
user_id_20,54138,1
user_id_20,81005,1
user_id_20,64682,5
user_id_20,9543,5
user_id_20,68726,4
user_id_20,38356,1
user_id_20,217,1
user_id_20,105864,3
user_id_20,62177,3
user_id_20,188927,2
user_id_20,10681,2
user_id_20,5174,3
user_id_20,14161,4
user_id_20,17979,3
user_id_20,76757,1
user_id_20,258489,4
user_id_20,411,2
user_id_20,246655,1
user_id_20,155,4
user_id_20,14160,2
user_id_20,15512,3
user_id_20,1726,2
user_id_20,44826,1
user_id_20,8487,4
user_id_20,1735,3
user_id_20,297761,4
user_id_20,2698,2
user_id_20,137113,1
user_id_20,9804,2
user_id_20,14869,2
user_id_20,150540,5
user_id_20,278927,2
user_id_20,10138,1
user_id_20,58595,4
user_id_20,102651,3
user_id_20,119450,1
user_id_20,79698,3
user_id_20,64686,3
user_id_20,100402,5
user_id_20,10192,2
user_id_20,158852,1
user_id_20,177572,4
user_id_20,82690,5
user_id_20,5255,5
user_id_20,47933,3
user_id_20,10191,1
user_id_20,296,3
user_id_20,118340,5
user_id_20,157336,2
user_id_20,27205,4
user_id_20,315011,5
user_id_20,49051,1
user_id_20,9799,1
user_id_20,4922,3
user_id_20,49538,2
user_id_20,131634,3
user_id_20,27022,5
user_id_20,503,1
user_id_20,241259,1
user_id_20,810,3
user_id_20,68735,2
user_id_20,87101,3
user_id_20,10140,3
user_id_20,676,3
user_id_20,1858,2
user_id_20,1966,3
user_id_20,675,3
user_id_20,674,4
user_id_20,8960,4
user_id_20,6479,2
user_id_20,118,3
user_id_20,2062,2
user_id_20,272,1
user_id_20,10527,2
user_id_20,18360,2
user_id_20,2080,5
user_id_20,605,3
user_id_20,109445,5
user_id_20,604,2
user_id_20,76338,1
user_id_20,76341,1
user_id_20,13448,4
user_id_20,10195,2
user_id_20,13053,1
user_id_20,19585,2
user_id_20,57165,3
user_id_20,62213,4
user_id_20,177677,3
user_id_20,7978,2
user_id_20,5559,4
user_id_20,49444,2
user_id_20,10196,4
user_id_20,956,2
user_id_20,117251,3
user_id_20,50321,2
user_id_20,11619,2
user_id_20,266647,4
user_id_20,82703,4
user_id_20,652,2
user_id_20,80321,5
user_id_20,36669,5
user_id_20,43074,5
user_id_20,95,3
user_id_20,608,1
user_id_20,2310,4
user_id_20,140300,3
user_id_20,56292,5
user_id_20,81188,3
user_id_20,7552,2
user_id_20,616,2
user_id_20,147441,3
user_id_20,13475,4
user_id_20,557,4
user_id_20,82702,5
user_id_20,205584,2
user_id_20,10048,4
user_id_20,13183,2
user_id_20,944,2
user_id_20,1927,2
user_id_20,72559,3
user_id_20,7364,5
user_id_20,2114,1
user_id_20,1771,4
user_id_20,36643,5
user_id_20,8619,2
user_id_20,50620,1
user_id_20,65759,4
user_id_20,1724,5
user_id_20,267935,5
user_id_20,281957,2
user_id_20,77950,4
user_id_20,44896,3
user_id_20,270946,1
user_id_20,2503,1
user_id_20,9502,5
user_id_20,102899,2
user_id_20,101299,1
user_id_20,228161,4
user_id_20,74,4
user_id_20,8961,5
user_id_20,417859,3
user_id_20,27576,4
user_id_20,86834,5
user_id_20,17578,4
user_id_20,673,4
user_id_20,6972,5
user_id_20,82700,3
user_id_20,10567,1
user_id_20,181533,1
user_id_20,38055,4
user_id_20,671,5
user_id_20,49524,4
user_id_20,22,5
